 .gitkeep                                           |      1 -
 data/cache/refresh-status.lino                     |  11886 +-
 data/laws.discovered.lino                          |  16183 ++-
 data/regional-sources.discovered.lino              |      2 +-
 docs/case-studies/issue-33/README.md               |     35 +-
 .../issue-33/discover-laws-stale-fallback-test.log |     25 +
 docs/case-studies/issue-33/followup-diff-stat.log  |     11 +
 .../issue-33/followup-focused-tests.log            |    115 +
 docs/case-studies/issue-33/followup-full-test.log  |    284 +
 .../issue-33/followup-offline-build.log            |     63 +
 docs/case-studies/issue-33/issue-33-comments.json  |      2 +-
 docs/case-studies/issue-33/issue-33.json           |      2 +-
 docs/case-studies/issue-33/npm-ci-followup.log     |      7 +
 .../issue-33/post-restore-generated-pages-test.log |     20 +
 docs/case-studies/issue-33/pr-35-before-final.json |      1 +
 .../issue-33/pre-fix-f8-regression-tests.log       |     32 +
 docs/data/catalog.lino                             | 119687 +++++++++++++++++-
 docs/laws/en/copyright-act-1957/part-001.md        |     47 -
 .../part-001.md                                    |   1143 +
 .../part-001.md                                    |    994 +
 .../part-001.md                                    |    278 +
 .../part-001.md                                    |    523 +
 docs/laws/en/the-actuaries-act-2006/part-001.md    |    965 +
 .../part-001.md                                    |    887 +
 .../part-001.md                                    |    746 +
 .../part-001.md                                    |    448 +
 docs/laws/en/the-advocates-act-1961/part-001.md    |   1451 +
 docs/laws/en/the-advocates-act-1961/part-002.md    |    186 +
 .../part-001.md                                    |    744 +
 .../part-001.md                                    |    200 +
 .../part-001.md                                    |    205 +
 .../part-001.md                                    |    624 +
 .../part-001.md                                    |    290 +
 .../the-agriculturists-loans-act-1884/part-001.md  |     92 +
 docs/laws/en/the-air-force-act-1950/part-001.md    |   1446 +
 docs/laws/en/the-air-force-act-1950/part-002.md    |   1350 +
 .../part-001.md                                    |   1394 +
 .../part-002.md                                    |    135 +
 .../part-001.md                                    |   1435 +
 .../part-001.md                                    |    998 +
 .../part-001.md                                    |   1446 +
 .../part-002.md                                    |   1449 +
 .../part-003.md                                    |    388 +
 .../part-001.md                                    |   1105 +
 .../part-001.md                                    |    586 +
 .../part-001.md                                    |    891 +
 .../en/the-all-india-services-act-1951/part-001.md |     89 +
 .../en/the-anand-marriage-act-1909/part-001.md     |     90 +
 .../part-001.md                                    |   1329 +
 .../part-001.md                                    |    573 +
 .../part-001.md                                    |    762 +
 .../part-001.md                                    |    264 +
 .../part-001.md                                    |     99 +
 .../part-001.md                                    |   1436 +
 .../part-002.md                                    |   1445 +
 .../part-003.md                                    |    687 +
 docs/laws/en/the-andhra-state-act-1953/part-001.md |   1059 +
 .../part-001.md                                    |     83 +
 .../en/the-anti-hijacking-act-2016/part-001.md     |    421 +
 .../part-001.md                                    |    648 +
 .../part-001.md                                    |    611 +
 docs/laws/en/the-apprentices-act-1961/part-001.md  |   1448 +
 .../part-001.md                                    |   1454 +
 .../part-002.md                                    |    754 +
 docs/laws/en/the-architects-act-1972/part-001.md   |    801 +
 .../part-001.md                                    |     69 +
 .../part-001.md                                    |    127 +
 .../part-001.md                                    |    116 +
 .../part-001.md                                    |    113 +
 .../the-armed-forces-tribunal-act-2007/part-001.md |    797 +
 docs/laws/en/the-arms-act-1959/part-001.md         |   1433 +
 docs/laws/en/the-army-act-1950/part-001.md         |   1458 +
 docs/laws/en/the-army-act-1950/part-002.md         |   1445 +
 .../part-001.md                                    |    354 +
 .../part-001.md                                    |     42 +
 .../part-001.md                                    |    111 +
 .../en/the-asiatic-society-act-1984/part-001.md    |    293 +
 .../part-001.md                                    |     39 +
 .../part-001.md                                    |   1300 +
 docs/laws/en/the-assam-rifles-act-2006/part-001.md |   1454 +
 docs/laws/en/the-assam-rifles-act-2006/part-002.md |   1107 +
 .../en/the-assam-university-act-1989/part-001.md   |    837 +
 .../part-001.md                                    |    878 +
 .../laws/en/the-atomic-energy-act-1962/part-001.md |    927 +
 .../the-auroville-foundation-act-1988/part-001.md  |    638 +
 .../part-001.md                                    |     66 +
 .../part-001.md                                    |    768 +
 .../part-001.md                                    |    915 +
 .../part-001.md                                    |    238 +
 .../part-001.md                                    |   1374 +
 .../part-001.md                                    |   1175 +
 .../en/the-banking-regulation-act-1949/part-001.md |   1449 +
 .../en/the-banking-regulation-act-1949/part-002.md |   1435 +
 .../en/the-banking-regulation-act-1949/part-003.md |   1452 +
 .../en/the-banking-regulation-act-1949/part-004.md |   1291 +
 .../part-001.md                                    |    978 +
 .../part-001.md                                    |   1176 +
 .../part-001.md                                    |    506 +
 .../part-001.md                                    |     66 +
 .../en/the-bengal-embankment-act-1855/part-001.md  |    379 +
 .../the-bengal-ghatwali-land-act-1859/part-001.md  |     41 +
 .../part-001.md                                    |     57 +
 .../part-001.md                                    |     62 +
 .../part-001.md                                    |    747 +
 .../part-001.md                                    |    250 +
 .../en/the-betwa-river-board-act-1976/part-001.md  |    429 +
 .../part-001.md                                    |   1448 +
 .../part-002.md                                    |   1440 +
 .../part-003.md                                    |   1430 +
 .../part-004.md                                    |   1459 +
 .../part-005.md                                    |   1441 +
 .../part-006.md                                    |   1448 +
 .../part-007.md                                    |   1404 +
 .../the-bharatiya-nyaya-sanhita-2023/part-001.md   |   1431 +
 .../the-bharatiya-nyaya-sanhita-2023/part-002.md   |   1430 +
 .../the-bharatiya-nyaya-sanhita-2023/part-003.md   |   1452 +
 .../the-bharatiya-nyaya-sanhita-2023/part-004.md   |   1445 +
 .../the-bharatiya-nyaya-sanhita-2023/part-005.md   |    718 +
 .../part-001.md                                    |   1450 +
 .../part-002.md                                    |   1221 +
 .../part-001.md                                    |    896 +
 .../part-001.md                                    |    245 +
 .../part-001.md                                    |    599 +
 .../part-001.md                                    |    695 +
 .../part-001.md                                    |     41 +
 .../the-bihar-reorganisation-act-2000/part-001.md  |   1455 +
 .../the-bihar-reorganisation-act-2000/part-002.md  |     35 +
 .../the-bihar-value-added-tax-act-2005/part-001.md |   1413 +
 .../the-bihar-value-added-tax-act-2005/part-002.md |   1361 +
 .../the-bihar-value-added-tax-act-2005/part-003.md |    402 +
 .../part-001.md                                    |    345 +
 .../en/the-bills-of-lading-act-2025/part-001.md    |    101 +
 .../the-biological-diversity-act-2002/part-001.md  |   1375 +
 .../part-001.md                                    |    576 +
 .../part-001.md                                    |    483 +
 .../part-001.md                                    |   1451 +
 .../part-002.md                                    |    420 +
 docs/laws/en/the-boilers-act-2025/part-001.md      |   1066 +
 .../the-bombay-civil-courts-act-1869/part-001.md   |    445 +
 .../part-001.md                                    |    350 +
 .../the-bombay-reorganisation-act-1960/part-001.md |   1454 +
 .../part-001.md                                    |    372 +
 .../part-001.md                                    |    481 +
 .../the-border-security-force-act-1968/part-001.md |   1453 +
 .../the-border-security-force-act-1968/part-002.md |    627 +
 .../en/the-boundary-marks-bombay-1846/part-001.md  |     73 +
 .../en/the-brahmaputra-board-act-1980/part-001.md  |    525 +
 .../part-001.md                                    |    366 +
 .../part-001.md                                    |    101 +
 .../part-001.md                                    |   1014 +
 .../part-001.md                                    |    694 +
 .../part-001.md                                    |     51 +
 .../part-001.md                                    |     32 +
 .../the-calcutta-land-revenue-act-1856/part-001.md |     27 +
 .../part-001.md                                    |    327 +
 .../part-001.md                                    |    140 +
 docs/laws/en/the-cantonments-act-2006/part-001.md  |   1451 +
 docs/laws/en/the-cantonments-act-2006/part-002.md  |   1459 +
 docs/laws/en/the-cantonments-act-2006/part-003.md  |   1441 +
 docs/laws/en/the-cantonments-act-2006/part-004.md  |   1458 +
 docs/laws/en/the-cantonments-act-2006/part-005.md  |   1074 +
 .../part-001.md                                    |    194 +
 docs/laws/en/the-cardamom-act-1965/part-001.md     |    180 +
 .../en/the-carriage-by-air-act-1972/part-001.md    |    264 +
 .../en/the-carriage-by-road-act-2007/part-001.md   |    532 +
 .../part-001.md                                    |    160 +
 .../en/the-cattle-trespass-act-1871/part-001.md    |    697 +
 docs/laws/en/the-census-act-1948/part-001.md       |    585 +
 .../part-001.md                                    |    730 +
 .../part-001.md                                    |    217 +
 .../part-001.md                                    |    206 +
 .../part-001.md                                    |    123 +
 .../en/the-central-excise-act-1944/part-001.md     |   1370 +
 .../en/the-central-excise-act-1944/part-002.md     |   1360 +
 .../en/the-central-excise-act-1944/part-003.md     |   1402 +
 .../en/the-central-excise-act-1944/part-004.md     |    374 +
 .../part-001.md                                    |   1383 +
 .../part-002.md                                    |   1398 +
 .../part-003.md                                    |   1451 +
 .../part-004.md                                    |   1438 +
 .../part-005.md                                    |   1431 +
 .../part-006.md                                    |    136 +
 .../part-001.md                                    |     66 +
 .../part-001.md                                    |    770 +
 .../part-001.md                                    |    159 +
 .../part-001.md                                    |     73 +
 .../part-001.md                                    |    131 +
 .../part-001.md                                    |    525 +
 .../part-001.md                                    |     90 +
 .../part-001.md                                    |   1450 +
 .../part-002.md                                    |    443 +
 .../part-001.md                                    |   1015 +
 .../part-001.md                                    |    411 +
 .../part-001.md                                    |    377 +
 .../en/the-central-sales-tax-act-1956/part-001.md  |   1419 +
 .../part-001.md                                    |    979 +
 .../en/the-central-silk-board-act-1948/part-001.md |    920 +
 .../the-central-universities-act-2009/part-001.md  |   1080 +
 .../part-001.md                                    |    749 +
 .../part-001.md                                    |     55 +
 .../part-001.md                                    |     62 +
 .../part-001.md                                    |     82 +
 .../part-001.md                                    |    236 +
 .../the-charitable-endowments-act-1890/part-001.md |    354 +
 .../the-chartered-accountants-act-1949/part-001.md |   1421 +
 .../part-001.md                                    |   1060 +
 .../part-001.md                                    |    264 +
 .../part-001.md                                    |    489 +
 docs/laws/en/the-chit-funds-act-1982/part-001.md   |   1458 +
 docs/laws/en/the-chit-funds-act-1982/part-002.md   |    436 +
 .../part-001.md                                    |    330 +
 .../part-001.md                                    |    788 +
 .../laws/en/the-cinematograph-act-1952/part-001.md |    881 +
 docs/laws/en/the-citizenship-act-1955/part-001.md  |    890 +
 .../part-001.md                                    |     88 +
 .../laws/en/the-civil-defence-act-1968/part-001.md |    445 +
 .../part-001.md                                    |    898 +
 .../part-001.md                                    |    954 +
 .../part-001.md                                    |    745 +
 .../part-001.md                                    |    666 +
 .../part-001.md                                    |     91 +
 .../part-001.md                                    |    122 +
 .../part-001.md                                    |    861 +
 .../part-001.md                                    |    894 +
 docs/laws/en/the-coast-guard-act-1978/part-001.md  |   1457 +
 docs/laws/en/the-coast-guard-act-1978/part-002.md  |    461 +
 .../part-001.md                                    |    516 +
 .../en/the-coastal-shipping-act-2025/part-001.md   |    743 +
 .../part-001.md                                    |    588 +
 .../the-code-of-civil-procedure-1908/part-001.md   |   1452 +
 .../the-code-of-civil-procedure-1908/part-002.md   |   1459 +
 .../the-code-of-civil-procedure-1908/part-003.md   |   1093 +
 .../the-code-on-social-security-2020/part-001.md   |   1452 +
 .../the-code-on-social-security-2020/part-002.md   |   1458 +
 .../the-code-on-social-security-2020/part-003.md   |   1427 +
 .../the-code-on-social-security-2020/part-004.md   |   1459 +
 .../the-code-on-social-security-2020/part-005.md   |    108 +
 docs/laws/en/the-code-on-wages-2019/part-001.md    |   1429 +
 docs/laws/en/the-code-on-wages-2019/part-002.md    |    361 +
 docs/laws/en/the-coffee-act-1942/part-001.md       |   1044 +
 docs/laws/en/the-coinage-act-2011/part-001.md      |    439 +
 .../laws/en/the-coir-industry-act-1953/part-001.md |    547 +
 .../part-001.md                                    |    476 +
 .../en/the-commercial-courts-act-2015/part-001.md  |    549 +
 .../part-001.md                                    |     68 +
 .../part-001.md                                    |    783 +
 .../part-001.md                                    |    319 +
 .../part-001.md                                    |    663 +
 .../part-001.md                                    |    482 +
 docs/laws/en/the-companies-act-2013/part-001.md    |   1445 +
 docs/laws/en/the-companies-act-2013/part-002.md    |   1347 +
 docs/laws/en/the-companies-act-2013/part-003.md    |   1447 +
 docs/laws/en/the-companies-act-2013/part-004.md    |   1385 +
 docs/laws/en/the-companies-act-2013/part-005.md    |   1453 +
 docs/laws/en/the-companies-act-2013/part-006.md    |   1442 +
 docs/laws/en/the-companies-act-2013/part-007.md    |   1450 +
 docs/laws/en/the-companies-act-2013/part-008.md    |   1434 +
 docs/laws/en/the-companies-act-2013/part-009.md    |   1455 +
 docs/laws/en/the-companies-act-2013/part-010.md    |   1448 +
 docs/laws/en/the-companies-act-2013/part-011.md    |   1458 +
 docs/laws/en/the-companies-act-2013/part-012.md    |   1041 +
 .../part-001.md                                    |     47 +
 .../part-001.md                                    |   1077 +
 .../the-company-secretaries-act-1980/part-001.md   |   1254 +
 .../part-001.md                                    |    985 +
 docs/laws/en/the-competition-act-2002/part-001.md  |   1457 +
 docs/laws/en/the-competition-act-2002/part-002.md  |   1374 +
 .../part-001.md                                    |    608 +
 .../part-001.md                                    |    482 +
 .../the-consumer-protection-act-2019/part-001.md   |   1454 +
 .../the-consumer-protection-act-2019/part-002.md   |   1031 +
 .../en/the-contempt-of-courts-act-1971/part-001.md |    437 +
 .../part-001.md                                    |     78 +
 .../part-001.md                                    |    915 +
 docs/laws/en/the-copyright-act-1957/part-001.md    |   1445 +
 docs/laws/en/the-copyright-act-1957/part-002.md    |   1435 +
 .../en/the-cost-accountants-act-1959/part-001.md   |   1420 +
 docs/laws/en/the-court-fees-act-1870/part-001.md   |   1455 +
 docs/laws/en/the-court-fees-act-1870/part-002.md   |     97 +
 .../part-001.md                                    |   1000 +
 .../part-001.md                                    |    194 +
 docs/laws/en/the-customs-act-1962/part-001.md      |   1455 +
 docs/laws/en/the-customs-act-1962/part-002.md      |   1459 +
 docs/laws/en/the-customs-act-1962/part-003.md      |   1447 +
 docs/laws/en/the-customs-act-1962/part-004.md      |   1454 +
 docs/laws/en/the-customs-act-1962/part-005.md      |   1439 +
 docs/laws/en/the-customs-act-1962/part-006.md      |   1220 +
 .../en/the-customs-tariff-act-1975/part-001.md     |    999 +
 .../laws/en/the-cutchi-memons-act-1938/part-001.md |     43 +
 .../part-001.md                                    |    180 +
 .../part-001.md                                    |    299 +
 .../part-001.md                                    |    134 +
 .../part-001.md                                    |    576 +
 docs/laws/en/the-dam-safety-act-2021/part-001.md   |   1084 +
 .../part-001.md                                    |    791 +
 docs/laws/en/the-dehra-dun-act-1871/part-001.md    |     72 +
 .../part-001.md                                    |    374 +
 .../part-001.md                                    |    565 +
 .../part-001.md                                    |    865 +
 .../en/the-delhi-development-act-1957/part-001.md  |   1454 +
 .../en/the-delhi-development-act-1957/part-002.md  |    477 +
 .../en/the-delhi-high-court-act-1966/part-001.md   |    340 +
 .../part-001.md                                    |    631 +
 .../part-001.md                                    |    185 +
 .../part-001.md                                    |    525 +
 .../part-001.md                                    |   1432 +
 .../part-002.md                                    |   1437 +
 .../part-003.md                                    |   1449 +
 .../part-004.md                                    |   1434 +
 .../part-005.md                                    |   1434 +
 .../part-006.md                                    |   1447 +
 .../part-007.md                                    |   1454 +
 .../part-008.md                                    |   1445 +
 .../part-009.md                                    |    360 +
 docs/laws/en/the-delhi-police-act-1978/part-001.md |   1458 +
 docs/laws/en/the-delhi-police-act-1978/part-002.md |   1167 +
 .../part-001.md                                    |    403 +
 .../en/the-delhi-rent-control-act-1958/part-001.md |   1458 +
 .../en/the-delhi-rent-control-act-1958/part-002.md |    158 +
 .../en/the-delhi-sales-tax-act-1975/part-001.md    |   1437 +
 .../en/the-delhi-sales-tax-act-1975/part-002.md    |    815 +
 .../part-001.md                                    |    748 +
 .../the-delhi-sikh-gurdwaras-act-1971/part-001.md  |    934 +
 .../part-001.md                                    |    282 +
 .../en/the-delhi-university-act-1922/part-001.md   |    910 +
 .../part-001.md                                    |    205 +
 .../part-001.md                                    |    410 +
 docs/laws/en/the-delimitation-act-2002/part-001.md |    365 +
 .../part-001.md                                    |    148 +
 docs/laws/en/the-dentists-act-1948/part-001.md     |   1444 +
 docs/laws/en/the-dentists-act-1948/part-002.md     |    446 +
 docs/laws/en/the-deo-estate-act/part-001.md        |    186 +
 .../part-001.md                                    |    146 +
 .../part-001.md                                    |     81 +
 .../part-001.md                                    |   1452 +
 .../part-002.md                                    |    217 +
 docs/laws/en/the-depositories-act-1996/part-001.md |   1199 +
 docs/laws/en/the-designs-act-2000/part-001.md      |    910 +
 .../part-001.md                                    |    111 +
 .../part-001.md                                    |    213 +
 .../part-001.md                                    |     80 +
 .../part-001.md                                    |   1225 +
 .../part-001.md                                    |    142 +
 .../part-001.md                                    |     42 +
 .../part-001.md                                    |    118 +
 .../part-001.md                                    |    519 +
 .../the-disaster-management-act-2005/part-001.md   |   1459 +
 .../the-disaster-management-act-2005/part-002.md   |    947 +
 .../part-001.md                                    |    132 +
 .../part-001.md                                    |    266 +
 docs/laws/en/the-divorce-act-1869/part-001.md      |    934 +
 .../part-001.md                                    |    475 +
 .../part-001.md                                    |     86 +
 .../en/the-dowry-prohibition-act-1961/part-001.md  |    352 +
 .../part-001.md                                    |    847 +
 .../the-drugs-and-cosmetics-act-1940/part-001.md   |   1425 +
 .../the-drugs-and-cosmetics-act-1940/part-002.md   |   1350 +
 .../part-001.md                                    |    330 +
 .../the-durgah-khawaja-saheb-act-1955/part-001.md  |    366 +
 .../part-001.md                                    |     30 +
 .../part-001.md                                    |     52 +
 .../part-001.md                                    |     46 +
 .../part-001.md                                    |     50 +
 docs/laws/en/the-electricity-act-2003/part-001.md  |   1437 +
 docs/laws/en/the-electricity-act-2003/part-002.md  |   1458 +
 docs/laws/en/the-electricity-act-2003/part-003.md  |   1439 +
 docs/laws/en/the-electricity-act-2003/part-004.md  |    608 +
 .../part-001.md                                    |    118 +
 docs/laws/en/the-emigration-act-1983/part-001.md   |    970 +
 .../part-001.md                                    |   1372 +
 .../part-002.md                                    |    815 +
 .../part-001.md                                    |    435 +
 .../en/the-enemy-property-act-1968/part-001.md     |    736 +
 .../the-energy-conservation-act-2001/part-001.md   |   1451 +
 .../the-energy-conservation-act-2001/part-002.md   |     58 +
 .../part-001.md                                    |    819 +
 .../part-001.md                                    |    702 +
 .../en/the-epidemic-diseases-act-1897/part-001.md  |    280 +
 .../the-essential-commodities-act-1955/part-001.md |   1136 +
 .../part-001.md                                    |    183 +
 .../en/the-expenditure-tax-act-1987/part-001.md    |    923 +
 .../the-explosive-substances-act-1908/part-001.md  |    134 +
 docs/laws/en/the-explosives-act-1884/part-001.md   |    809 +
 .../part-001.md                                    |    821 +
 .../part-001.md                                    |    840 +
 .../part-001.md                                    |     41 +
 docs/laws/en/the-extradition-act-1962/part-001.md  |    688 +
 .../the-factoring-regulation-act-2011/part-001.md  |    699 +
 .../laws/en/the-family-courts-act-1984/part-001.md |    470 +
 .../part-001.md                                    |    401 +
 .../en/the-farm-laws-repeal-act-2021/part-001.md   |     35 +
 .../en/the-fatal-accidents-act-1855/part-001.md    |     92 +
 .../part-001.md                                    |    126 +
 .../part-001.md                                    |    403 +
 .../en/the-food-corporations-act-1964/part-001.md  |   1030 +
 .../part-001.md                                    |   1452 +
 .../part-002.md                                    |   1302 +
 .../part-001.md                                    |    261 +
 .../part-001.md                                    |     46 +
 .../part-001.md                                    |   1363 +
 .../part-001.md                                    |   1015 +
 .../en/the-foreign-marriage-act-1969/part-001.md   |    498 +
 .../part-001.md                                    |    674 +
 .../part-001.md                                    |     48 +
 .../en/the-forfeited-deposits-act-1850/part-001.md |     28 +
 .../part-001.md                                    |    309 +
 .../part-001.md                                    |   1317 +
 .../part-001.md                                    |    584 +
 .../en/the-general-clauses-act-1897/part-001.md    |    870 +
 .../part-001.md                                    |    966 +
 .../en/the-geneva-conventions-act-1960/part-001.md |    362 +
 .../part-001.md                                    |   1443 +
 .../part-002.md                                    |    337 +
 docs/laws/en/the-gift-tax-act-1958/part-001.md     |   1456 +
 docs/laws/en/the-gift-tax-act-1958/part-002.md     |   1172 +
 .../part-001.md                                    |    142 +
 .../part-001.md                                    |    128 +
 .../part-001.md                                    |    353 +
 .../part-001.md                                    |    974 +
 .../part-001.md                                    |    109 +
 .../part-001.md                                    |    473 +
 .../the-government-buildings-act-1899/part-001.md  |     95 +
 .../part-001.md                                    |   1390 +
 .../part-001.md                                    |   1459 +
 .../part-002.md                                    |    240 +
 .../part-001.md                                    |    516 +
 .../the-government-securities-act-2006/part-001.md |    738 +
 .../part-001.md                                    |    275 +
 .../en/the-gram-nyayalayas-act-2008/part-001.md    |    565 +
 .../the-guardians-and-wards-act-1890/part-001.md   |    904 +
 .../laws/en/the-haj-committee-act-2002/part-001.md |    922 +
 .../part-001.md                                    |    313 +
 .../part-001.md                                    |   1184 +
 .../part-001.md                                    |    574 +
 .../part-001.md                                    |   1238 +
 .../part-001.md                                    |    166 +
 .../part-001.md                                    |     36 +
 .../part-001.md                                    |    808 +
 .../en/the-high-courts-seals-act-1950/part-001.md  |     58 +
 .../part-001.md                                    |    356 +
 .../part-001.md                                    |    617 +
 .../part-001.md                                    |    374 +
 .../part-001.md                                    |    550 +
 .../part-001.md                                    |     84 +
 .../part-001.md                                    |     81 +
 .../en/the-hindu-marriage-act-1955/part-001.md     |    867 +
 .../part-001.md                                    |    238 +
 .../en/the-hindu-succession-act-1956/part-001.md   |    743 +
 .../en/the-hotel-receipts-tax-act-1980/part-001.md |    821 +
 .../part-001.md                                    |    928 +
 .../part-001.md                                    |    611 +
 .../part-001.md                                    |     97 +
 .../part-001.md                                    |    766 +
 .../part-001.md                                    |   1131 +
 .../the-improvements-in-towns-act-1850/part-001.md |    133 +
 .../part-001.md                                    |    635 +
 docs/laws/en/the-income-tax-act-1961/part-001.md   |   1410 +
 docs/laws/en/the-income-tax-act-1961/part-002.md   |   1439 +
 docs/laws/en/the-income-tax-act-1961/part-003.md   |   1426 +
 docs/laws/en/the-income-tax-act-1961/part-004.md   |   1430 +
 docs/laws/en/the-income-tax-act-1961/part-005.md   |   1449 +
 docs/laws/en/the-income-tax-act-1961/part-006.md   |   1421 +
 docs/laws/en/the-income-tax-act-1961/part-007.md   |   1453 +
 docs/laws/en/the-income-tax-act-1961/part-008.md   |   1434 +
 docs/laws/en/the-income-tax-act-1961/part-009.md   |   1413 +
 docs/laws/en/the-income-tax-act-1961/part-010.md   |   1437 +
 docs/laws/en/the-income-tax-act-1961/part-011.md   |   1417 +
 docs/laws/en/the-income-tax-act-1961/part-012.md   |   1444 +
 docs/laws/en/the-income-tax-act-1961/part-013.md   |   1426 +
 docs/laws/en/the-income-tax-act-1961/part-014.md   |   1454 +
 docs/laws/en/the-income-tax-act-1961/part-015.md   |   1429 +
 docs/laws/en/the-income-tax-act-1961/part-016.md   |   1442 +
 docs/laws/en/the-income-tax-act-1961/part-017.md   |   1450 +
 docs/laws/en/the-income-tax-act-1961/part-018.md   |   1422 +
 docs/laws/en/the-income-tax-act-1961/part-019.md   |   1456 +
 docs/laws/en/the-income-tax-act-1961/part-020.md   |   1414 +
 docs/laws/en/the-income-tax-act-1961/part-021.md   |   1417 +
 docs/laws/en/the-income-tax-act-1961/part-022.md   |   1440 +
 docs/laws/en/the-income-tax-act-1961/part-023.md   |   1431 +
 docs/laws/en/the-income-tax-act-1961/part-024.md   |   1423 +
 docs/laws/en/the-income-tax-act-1961/part-025.md   |   1437 +
 docs/laws/en/the-income-tax-act-1961/part-026.md   |   1435 +
 docs/laws/en/the-income-tax-act-1961/part-027.md   |   1456 +
 docs/laws/en/the-income-tax-act-1961/part-028.md   |   1442 +
 docs/laws/en/the-income-tax-act-1961/part-029.md   |   1459 +
 .../part-001.md                                    |    194 +
 .../part-001.md                                    |    673 +
 .../en/the-indian-antarctic-act-2022/part-001.md   |   1043 +
 .../part-001.md                                    |   1263 +
 .../en/the-indian-contract-act-1872/part-001.md    |   1441 +
 .../en/the-indian-contract-act-1872/part-002.md    |   1457 +
 .../en/the-indian-contract-act-1872/part-003.md    |    412 +
 .../part-001.md                                    |    574 +
 .../en/the-indian-easements-act-1882/part-001.md   |   1242 +
 .../laws/en/the-indian-forest-act-1927/part-001.md |   1402 +
 .../laws/en/the-indian-forest-act-1927/part-002.md |   1416 +
 .../laws/en/the-indian-forest-act-1927/part-003.md |   1397 +
 .../part-001.md                                    |   1165 +
 .../part-001.md                                    |    823 +
 .../part-001.md                                    |   1127 +
 .../part-001.md                                    |    849 +
 .../part-001.md                                    |   1031 +
 .../laws/en/the-indian-museum-act-1910/part-001.md |    362 +
 .../the-indian-naval-armament-act-1923/part-001.md |    300 +
 .../part-001.md                                    |    584 +
 .../en/the-indian-partnership-act-1932/part-001.md |   1111 +
 docs/laws/en/the-indian-ports-act-1908/part-001.md |   1441 +
 docs/laws/en/the-indian-ports-act-1908/part-002.md |    209 +
 .../part-001.md                                    |    391 +
 .../the-indian-reserve-forces-act-1888/part-001.md |    191 +
 .../part-001.md                                    |    317 +
 docs/laws/en/the-indian-stamp-act-1899/part-001.md |   1459 +
 docs/laws/en/the-indian-stamp-act-1899/part-002.md |   1403 +
 docs/laws/en/the-indian-stamp-act-1899/part-003.md |   1017 +
 .../part-001.md                                    |    217 +
 .../en/the-indian-succession-act-1925/part-001.md  |   1449 +
 .../en/the-indian-succession-act-1925/part-002.md  |   1459 +
 .../en/the-indian-succession-act-1925/part-003.md  |   1458 +
 .../en/the-indian-succession-act-1925/part-004.md  |   1175 +
 docs/laws/en/the-indian-tolls-act-1851/part-001.md |    148 +
 docs/laws/en/the-indian-tolls-act-1864/part-001.md |     62 +
 .../part-001.md                                    |    284 +
 .../the-indian-treasure-trove-act-1878/part-001.md |    315 +
 docs/laws/en/the-indian-trust-act-1882/part-001.md |   1387 +
 .../part-001.md                                    |   1168 +
 .../part-001.md                                    |    709 +
 .../part-001.md                                    |    959 +
 .../part-001.md                                    |   1425 +
 .../part-002.md                                    |    518 +
 .../part-001.md                                    |    273 +
 .../part-001.md                                    |    112 +
 .../part-001.md                                    |    181 +
 .../part-001.md                                    |    230 +
 .../the-industrial-relations-code-2020/part-001.md |   1415 +
 .../the-industrial-relations-code-2020/part-002.md |   1392 +
 .../the-industrial-relations-code-2020/part-003.md |    307 +
 .../part-001.md                                    |   1455 +
 .../part-002.md                                    |    422 +
 .../part-001.md                                    |    553 +
 .../part-001.md                                    |     89 +
 .../part-001.md                                    |   1456 +
 .../part-002.md                                    |   1319 +
 .../en/the-inland-vessels-act-2021/part-001.md     |   1445 +
 .../en/the-inland-vessels-act-2021/part-002.md     |   1377 +
 .../part-001.md                                    |    748 +
 docs/laws/en/the-insecticides-act-1968/part-001.md |   1102 +
 .../part-001.md                                    |   1454 +
 .../part-002.md                                    |   1457 +
 .../part-003.md                                    |   1447 +
 .../part-004.md                                    |   1455 +
 .../part-005.md                                    |   1454 +
 .../part-006.md                                    |    950 +
 .../part-001.md                                    |    607 +
 .../part-001.md                                    |   1256 +
 docs/laws/en/the-insurance-act-1938/part-001.md    |   1408 +
 docs/laws/en/the-insurance-act-1938/part-002.md    |   1442 +
 docs/laws/en/the-insurance-act-1938/part-003.md    |   1447 +
 docs/laws/en/the-insurance-act-1938/part-004.md    |   1414 +
 docs/laws/en/the-insurance-act-1938/part-005.md    |    410 +
 .../part-001.md                                    |    762 +
 .../part-001.md                                    |   1144 +
 .../part-001.md                                    |     49 +
 .../part-001.md                                    |    116 +
 .../part-001.md                                    |    221 +
 .../part-001.md                                    |    125 +
 .../part-001.md                                    |    397 +
 docs/laws/en/the-interest-act-1978/part-001.md     |    151 +
 docs/laws/en/the-interest-tax-act-1974/part-001.md |   1102 +
 .../part-001.md                                    |     88 +
 .../part-001.md                                    |     86 +
 .../part-001.md                                    |    642 +
 .../part-001.md                                    |    195 +
 .../part-001.md                                    |    221 +
 .../the-jamia-millia-islamia-act-1988/part-001.md  |    743 +
 .../part-001.md                                    |    128 +
 .../part-001.md                                    |     71 +
 .../part-001.md                                    |   1459 +
 .../part-002.md                                    |    237 +
 .../part-001.md                                    |     57 +
 .../part-001.md                                    |    565 +
 .../part-001.md                                    |    473 +
 .../en/the-judges-inquiry-act-1968/part-001.md     |    196 +
 .../en/the-judges-protection-act-1985/part-001.md  |     60 +
 .../part-001.md                                    |    602 +
 .../part-001.md                                    |    259 +
 .../part-001.md                                    |   1449 +
 .../part-002.md                                    |   1343 +
 .../part-001.md                                    |    577 +
 docs/laws/en/the-kazis-act-1880/part-001.md        |     99 +
 .../part-001.md                                    |     42 +
 .../part-001.md                                    |    902 +
 .../part-001.md                                    |    459 +
 .../the-king-of-oudh-s-estate-act-1887/part-001.md |     48 +
 .../the-king-of-oudh-s-estate-act-1888/part-001.md |     50 +
 .../part-001.md                                    |    981 +
 .../part-001.md                                    |    209 +
 .../part-001.md                                    |    358 +
 .../part-001.md                                    |    286 +
 .../part-001.md                                    |     92 +
 .../part-001.md                                    |    299 +
 .../part-001.md                                    |    722 +
 .../en/the-laws-local-extent-act-1874/part-001.md  |     98 +
 .../part-001.md                                    |    114 +
 .../en/the-legal-metrology-act-2009/part-001.md    |   1077 +
 .../the-legal-practitioners-act-1879/part-001.md   |    326 +
 .../part-001.md                                    |     65 +
 .../part-001.md                                    |   1176 +
 .../part-001.md                                    |     49 +
 .../part-001.md                                    |     52 +
 .../part-001.md                                    |   1440 +
 .../part-002.md                                    |   1344 +
 .../part-001.md                                    |     58 +
 docs/laws/en/the-limitation-act-1963/part-001.md   |    603 +
 .../part-001.md                                    |   1455 +
 .../part-002.md                                    |    566 +
 .../part-001.md                                    |    120 +
 .../part-001.md                                    |    237 +
 .../en/the-lok-sahayak-sena-act-1956/part-001.md   |    166 +
 .../the-lokpal-and-lokayuktas-act-2013/part-001.md |   1277 +
 .../the-lotteries-regulation-act-1998/part-001.md  |    186 +
 .../part-001.md                                    |     60 +
 .../part-001.md                                    |   1408 +
 .../part-001.md                                    |     30 +
 .../the-madras-board-of-revenue-1849/part-001.md   |     57 +
 .../part-001.md                                    |    207 +
 .../part-001.md                                    |    147 +
 .../the-madras-civil-courts-act-1873/part-001.md   |    401 +
 .../part-001.md                                    |    632 +
 .../part-001.md                                    |     61 +
 .../part-001.md                                    |    760 +
 .../part-001.md                                    |    767 +
 .../part-001.md                                    |    495 +
 .../part-001.md                                    |    289 +
 .../part-001.md                                    |   1018 +
 docs/laws/en/the-majority-act-1875/part-001.md     |     73 +
 .../part-001.md                                    |    132 +
 .../en/the-manipur-courts-act-1955/part-001.md     |    612 +
 .../part-001.md                                    |    822 +
 .../part-001.md                                    |   1454 +
 .../part-002.md                                    |   1056 +
 .../part-001.md                                    |   1445 +
 .../part-002.md                                    |   1450 +
 .../part-003.md                                    |    902 +
 .../part-001.md                                    |   1253 +
 .../part-002.md                                    |   1432 +
 .../part-001.md                                    |    593 +
 .../en/the-manipur-university-act-2005/part-001.md |    878 +
 .../part-001.md                                    |    792 +
 .../part-001.md                                    |    257 +
 .../part-001.md                                    |    761 +
 .../en/the-marine-insurance-act-1963/part-001.md   |   1117 +
 .../part-001.md                                    |    670 +
 .../the-maritime-anti-piracy-act-2022/part-001.md  |    274 +
 .../part-001.md                                    |    495 +
 .../part-001.md                                    |    159 +
 .../part-001.md                                    |    227 +
 .../part-001.md                                    |    755 +
 docs/laws/en/the-mediation-act-2023/part-001.md    |   1210 +
 .../part-001.md                                    |    267 +
 .../en/the-mental-healthcare-act-2017/part-001.md  |   1446 +
 .../en/the-mental-healthcare-act-2017/part-002.md  |   1423 +
 .../en/the-mental-healthcare-act-2017/part-003.md  |    293 +
 .../en/the-merchant-shipping-act-2025/part-001.md  |    669 +
 .../part-001.md                                    |   1160 +
 .../part-001.md                                    |   1418 +
 .../part-001.md                                    |    674 +
 .../part-001.md                                    |   1395 +
 .../part-002.md                                    |   1277 +
 .../en/the-mizoram-university-act-2000/part-001.md |    854 +
 docs/laws/en/the-moorshedabad-act-1891/part-001.md |     70 +
 .../en/the-motor-vehicles-act-1988/part-001.md     |   1428 +
 .../en/the-motor-vehicles-act-1988/part-002.md     |   1432 +
 .../en/the-motor-vehicles-act-1988/part-003.md     |   1453 +
 .../en/the-motor-vehicles-act-1988/part-004.md     |   1450 +
 .../en/the-motor-vehicles-act-1988/part-005.md     |   1454 +
 .../en/the-motor-vehicles-act-1988/part-006.md     |    931 +
 .../part-001.md                                    |   1427 +
 .../part-002.md                                    |   1419 +
 .../part-003.md                                    |    628 +
 .../part-001.md                                    |    506 +
 .../part-001.md                                    |    434 +
 .../part-001.md                                    |    154 +
 .../part-001.md                                    |    178 +
 .../part-001.md                                    |     97 +
 .../the-mussalman-wakf-repeal-act-2025/part-001.md |     43 +
 .../part-001.md                                    |     93 +
 .../the-nagaland-university-act-1989/part-001.md   |    852 +
 .../en/the-nalanda-university-act-2010/part-001.md |    838 +
 .../part-001.md                                    |   1435 +
 .../part-002.md                                    |   1449 +
 .../part-003.md                                    |    233 +
 .../part-001.md                                    |   1382 +
 .../part-002.md                                    |    385 +
 .../part-001.md                                    |   1122 +
 .../the-national-cadet-corps-act-1948/part-001.md  |    220 +
 .../part-001.md                                    |    631 +
 .../part-001.md                                    |    248 +
 .../part-001.md                                    |     75 +
 .../part-001.md                                    |    768 +
 .../part-001.md                                    |   1451 +
 .../part-002.md                                    |     92 +
 .../part-001.md                                    |     57 +
 .../part-001.md                                    |   1456 +
 .../part-002.md                                    |     38 +
 .../part-001.md                                    |   1335 +
 .../part-002.md                                    |    257 +
 .../part-001.md                                    |    287 +
 .../part-001.md                                    |    649 +
 .../part-001.md                                    |    272 +
 .../part-001.md                                    |    332 +
 .../part-001.md                                    |    660 +
 .../part-001.md                                    |    970 +
 .../part-001.md                                    |    928 +
 .../part-001.md                                    |   1443 +
 .../part-002.md                                    |    404 +
 .../part-001.md                                    |    824 +
 .../part-001.md                                    |   1259 +
 .../part-001.md                                    |    862 +
 .../en/the-national-highways-act-1956/part-001.md  |    455 +
 .../part-001.md                                    |    624 +
 .../the-national-housing-bank-act-1987/part-001.md |   1453 +
 .../the-national-housing-bank-act-1987/part-002.md |    978 +
 .../part-001.md                                    |    635 +
 .../part-001.md                                    |    551 +
 .../part-001.md                                    |    891 +
 .../part-001.md                                    |    954 +
 .../part-001.md                                    |    869 +
 .../part-001.md                                    |    906 +
 .../part-001.md                                    |    472 +
 .../part-001.md                                    |    245 +
 .../the-national-jute-board-act-2008/part-001.md   |    610 +
 .../part-001.md                                    |   1356 +
 .../part-002.md                                    |    254 +
 .../part-001.md                                    |   1434 +
 .../part-002.md                                    |    327 +
 .../part-001.md                                    |     58 +
 .../en/the-national-security-act-1980/part-001.md  |    456 +
 .../part-001.md                                    |   1445 +
 .../part-002.md                                    |    720 +
 .../en/the-national-service-act-1972/part-001.md   |    908 +
 .../part-001.md                                    |   1012 +
 .../part-001.md                                    |    919 +
 .../the-national-tax-tribunal-act-2005/part-001.md |    540 +
 .../part-001.md                                    |    700 +
 .../en/the-national-waterways-act-2016/part-001.md |     97 +
 .../part-001.md                                    |    381 +
 docs/laws/en/the-navy-act-1957/part-001.md         |   1455 +
 docs/laws/en/the-navy-act-1957/part-002.md         |   1450 +
 docs/laws/en/the-navy-act-1957/part-003.md         |    726 +
 .../part-001.md                                    |   1457 +
 .../part-002.md                                    |    485 +
 .../part-001.md                                    |   1438 +
 .../part-002.md                                    |   1454 +
 .../part-003.md                                    |   1449 +
 .../part-004.md                                    |   1452 +
 .../part-005.md                                    |   1415 +
 .../part-006.md                                    |    661 +
 .../part-001.md                                    |   1402 +
 .../part-002.md                                    |    522 +
 .../the-north-eastern-council-act-1971/part-001.md |    173 +
 .../part-001.md                                    |    800 +
 .../part-001.md                                    |    441 +
 .../part-001.md                                    |   1337 +
 .../part-001.md                                    |    376 +
 docs/laws/en/the-notaries-act-1952/part-001.md     |    325 +
 docs/laws/en/the-oaths-act-1969/part-001.md        |    128 +
 .../part-001.md                                    |   1440 +
 .../part-002.md                                    |   1458 +
 .../part-003.md                                    |   1275 +
 .../part-004.md                                    |    416 +
 .../en/the-official-languages-act-1963/part-001.md |    214 +
 .../en/the-official-secrets-act-1923/part-001.md   |    513 +
 .../en/the-official-trusteers-act-1913/part-001.md |    609 +
 .../part-001.md                                    |   1190 +
 .../part-001.md                                    |    213 +
 .../part-001.md                                    |    754 +
 .../part-001.md                                    |    487 +
 .../part-001.md                                    |    100 +
 .../part-001.md                                    |     58 +
 .../part-001.md                                    |    522 +
 docs/laws/en/the-oudh-estates-act-1869/part-001.md |    484 +
 docs/laws/en/the-oudh-laws-act-1876/part-001.md    |     79 +
 .../part-001.md                                    |    306 +
 .../part-001.md                                    |     44 +
 .../part-001.md                                    |    169 +
 .../part-001.md                                    |     56 +
 .../part-001.md                                    |    779 +
 docs/laws/en/the-partition-act-1893/part-001.md    |    138 +
 .../part-001.md                                    |    657 +
 docs/laws/en/the-passports-act-1967/part-001.md    |    673 +
 docs/laws/en/the-patents-act-1970/part-001.md      |   1457 +
 docs/laws/en/the-patents-act-1970/part-002.md      |   1457 +
 docs/laws/en/the-patents-act-1970/part-003.md      |   1434 +
 .../part-001.md                                    |   1022 +
 .../part-001.md                                    |   1389 +
 docs/laws/en/the-pensions-act-1871/part-001.md     |    339 +
 docs/laws/en/the-petroleum-act-1934/part-001.md    |    687 +
 .../part-001.md                                    |    509 +
 .../part-001.md                                    |   1456 +
 .../part-002.md                                    |     53 +
 docs/laws/en/the-pharmacy-act-1948/part-001.md     |   1448 +
 .../part-001.md                                    |    117 +
 docs/laws/en/the-poisons-act-1919/part-001.md      |    232 +
 docs/laws/en/the-police-act-1861/part-001.md       |   1103 +
 docs/laws/en/the-police-act-1949/part-001.md       |     91 +
 docs/laws/en/the-police-agra-act-1854/part-001.md  |     38 +
 .../part-001.md                                    |    118 +
 .../part-001.md                                    |    285 +
 .../part-001.md                                    |     99 +
 .../part-001.md                                    |    125 +
 .../part-001.md                                    |    777 +
 .../part-001.md                                    |    587 +
 docs/laws/en/the-post-office-act-2023/part-001.md  |    193 +
 .../part-001.md                                    |     71 +
 .../en/the-powers-of-attorney-act-1882/part-001.md |    135 +
 .../part-001.md                                    |    914 +
 .../part-001.md                                    |   1097 +
 .../part-001.md                                    |    228 +
 .../part-001.md                                    |   1254 +
 .../part-001.md                                    |    279 +
 .../part-001.md                                    |     65 +
 .../part-001.md                                    |    609 +
 .../part-001.md                                    |    212 +
 .../part-001.md                                    |    541 +
 .../laws/en/the-press-council-act-1978/part-001.md |    488 +
 .../part-001.md                                    |    717 +
 .../part-001.md                                    |    283 +
 .../part-001.md                                    |    975 +
 .../part-001.md                                    |    456 +
 .../part-001.md                                    |    119 +
 .../part-001.md                                    |    371 +
 .../part-001.md                                    |    113 +
 .../part-001.md                                    |   1454 +
 .../part-002.md                                    |    757 +
 .../part-001.md                                    |     84 +
 docs/laws/en/the-prisoners-act-1900/part-001.md    |    550 +
 .../part-001.md                                    |    204 +
 docs/laws/en/the-prisons-act-1894/part-001.md      |   1191 +
 .../part-001.md                                    |    500 +
 .../part-001.md                                    |    329 +
 .../en/the-prize-competitions-act-1955/part-001.md |    292 +
 .../part-001.md                                    |    327 +
 .../part-001.md                                    |   1451 +
 .../part-002.md                                    |    243 +
 .../part-001.md                                    |    399 +
 .../part-001.md                                    |    264 +
 .../part-001.md                                    |    878 +
 .../part-001.md                                    |     59 +
 .../part-001.md                                    |    957 +
 .../part-001.md                                    |    595 +
 .../part-001.md                                    |   1082 +
 .../part-001.md                                    |    183 +
 .../part-001.md                                    |   1437 +
 .../part-002.md                                    |    669 +
 .../part-001.md                                    |    698 +
 .../en/the-provident-funds-act-1925/part-001.md    |    485 +
 .../the-provincial-insolvency-act-1920/part-001.md |    193 +
 .../part-001.md                                    |    418 +
 .../part-001.md                                    |     70 +
 .../part-001.md                                    |    145 +
 docs/laws/en/the-public-debt-act-1944/part-001.md  |    664 +
 .../part-001.md                                    |     99 +
 .../part-001.md                                    |    342 +
 .../part-001.md                                    |    102 +
 .../en/the-public-gambling-act-1867/part-001.md    |    329 +
 .../part-001.md                                    |    637 +
 .../part-001.md                                    |    953 +
 .../en/the-public-records-act-1993/part-001.md     |    372 +
 .../part-001.md                                    |    431 +
 .../part-001.md                                    |   1164 +
 .../part-001.md                                    |     77 +
 .../the-punjab-land-revenue-act-1887/part-001.md   |   1450 +
 .../the-punjab-land-revenue-act-1887/part-002.md   |    805 +
 docs/laws/en/the-punjab-laws-act-1872/part-001.md  |    522 +
 .../part-001.md                                    |     88 +
 .../the-punjab-reorganisation-act-1966/part-001.md |   1416 +
 .../the-punjab-reorganisation-act-1966/part-002.md |    469 +
 .../en/the-punjab-tenancy-act-1887/part-001.md     |   1271 +
 .../part-001.md                                    |    631 +
 .../part-001.md                                    |    250 +
 .../part-001.md                                    |    611 +
 docs/laws/en/the-railways-act-1989/part-001.md     |   1454 +
 docs/laws/en/the-railways-act-1989/part-002.md     |   1447 +
 docs/laws/en/the-railways-act-1989/part-003.md     |    999 +
 .../part-001.md                                    |     69 +
 .../part-001.md                                    |    229 +
 .../en/the-rajghat-samadhi-act-1951/part-001.md    |    152 +
 .../part-001.md                                    |    760 +
 .../part-001.md                                    |    790 +
 .../part-001.md                                    |    878 +
 .../part-001.md                                    |    936 +
 .../the-rampur-raza-library-act-1975/part-001.md   |    508 +
 .../part-001.md                                    |    954 +
 .../part-001.md                                    |   1456 +
 .../part-002.md                                    |    745 +
 docs/laws/en/the-reciprocity-act-1943/part-001.md  |    146 +
 .../part-001.md                                    |   1389 +
 .../part-002.md                                    |    105 +
 .../en/the-recycling-of-ships-act-2019/part-001.md |    879 +
 .../part-001.md                                    |    921 +
 .../the-regional-rural-banks-act-1976/part-001.md  |    896 +
 docs/laws/en/the-registration-act-1908/part-001.md |   1399 +
 docs/laws/en/the-registration-act-1908/part-002.md |   1429 +
 docs/laws/en/the-registration-act-1908/part-003.md |    497 +
 .../part-001.md                                    |    828 +
 .../part-001.md                                    |    437 +
 .../part-001.md                                    |    472 +
 .../the-religious-endowments-act-1863/part-001.md  |    363 +
 .../part-001.md                                    |    172 +
 .../the-religious-societies-act-1880/part-001.md   |    133 +
 .../part-001.md                                    |    190 +
 .../laws/en/the-rent-recovery-act-1853/part-001.md |    117 +
 .../part-001.md                                    |    305 +
 .../part-001.md                                    |     53 +
 .../part-001.md                                    |     52 +
 .../part-001.md                                    |     52 +
 .../part-001.md                                    |    171 +
 .../part-001.md                                    |     52 +
 .../part-001.md                                    |     52 +
 .../part-001.md                                    |     53 +
 .../part-001.md                                    |     53 +
 .../part-001.md                                    |   1300 +
 .../part-001.md                                    |   1422 +
 .../part-002.md                                    |   1453 +
 .../part-003.md                                    |   1445 +
 .../part-004.md                                    |    265 +
 .../part-001.md                                    |    678 +
 .../part-001.md                                    |    516 +
 .../the-reserve-bank-of-india-act-1934/part-001.md |   1423 +
 .../the-reserve-bank-of-india-act-1934/part-002.md |   1414 +
 .../the-reserve-bank-of-india-act-1934/part-003.md |   1455 +
 .../the-reserve-bank-of-india-act-1934/part-004.md |    288 +
 .../part-001.md                                    |    113 +
 docs/laws/en/the-revenue-bombay-1842/part-001.md   |    110 +
 .../part-001.md                                    |     40 +
 .../en/the-revenue-recovery-act-1890/part-001.md   |    235 +
 .../part-001.md                                    |    533 +
 .../part-001.md                                    |    923 +
 .../part-001.md                                    |   1448 +
 .../part-002.md                                    |   1280 +
 .../the-right-to-information-act-2005/part-001.md  |   1176 +
 .../part-001.md                                    |   1459 +
 .../part-002.md                                    |    639 +
 docs/laws/en/the-river-boards-act-1956/part-001.md |    449 +
 .../part-001.md                                    |   1382 +
 docs/laws/en/the-rubber-act-1947/part-001.md       |   1011 +
 .../part-001.md                                    |     92 +
 .../en/the-salar-jung-museum-act-1961/part-001.md  |    457 +
 .../part-001.md                                    |    200 +
 .../part-001.md                                    |    234 +
 .../part-001.md                                    |    987 +
 .../part-001.md                                    |    233 +
 .../laws/en/the-sale-of-goods-act-1930/part-001.md |    869 +
 docs/laws/en/the-sarais-act-1867/part-001.md       |    212 +
 .../the-sashastra-seema-bal-act-2007/part-001.md   |   1456 +
 .../the-sashastra-seema-bal-act-2007/part-002.md   |    896 +
 .../part-001.md                                    |     86 +
 .../part-001.md                                    |     86 +
 .../part-001.md                                    |    855 +
 .../part-001.md                                    |     80 +
 .../part-001.md                                    |    448 +
 .../part-001.md                                    |    892 +
 .../part-001.md                                    |    497 +
 .../part-001.md                                    |    206 +
 .../part-001.md                                    |   1436 +
 .../part-002.md                                    |    895 +
 .../part-001.md                                    |   1449 +
 .../part-002.md                                    |    816 +
 .../part-001.md                                    |   1407 +
 .../part-002.md                                    |    860 +
 docs/laws/en/the-seeds-act-1966/part-001.md        |    623 +
 .../part-001.md                                    |   1451 +
 .../part-002.md                                    |    150 +
 .../part-001.md                                    |    742 +
 .../part-001.md                                    |     62 +
 .../part-001.md                                    |    105 +
 .../part-001.md                                    |    196 +
 .../part-001.md                                    |    905 +
 .../part-001.md                                    |     51 +
 .../en/the-sikkim-university-act-2006/part-001.md  |    842 +
 .../part-001.md                                    |    304 +
 .../part-001.md                                    |    518 +
 .../part-001.md                                    |    829 +
 .../part-001.md                                    |   1453 +
 .../part-002.md                                    |    320 +
 .../part-001.md                                    |    637 +
 .../part-001.md                                    |   1028 +
 .../part-002.md                                    |    657 +
 .../part-001.md                                    |    566 +
 .../part-001.md                                    |    318 +
 .../part-001.md                                    |     60 +
 .../part-001.md                                    |   1387 +
 .../part-002.md                                    |    183 +
 .../en/the-special-marriage-act-1954/part-001.md   |   1127 +
 .../part-001.md                                    |    270 +
 .../en/the-specific-relief-act-1963/part-001.md    |    859 +
 .../part-001.md                                    |    201 +
 docs/laws/en/the-spices-board-act-1986/part-001.md |    761 +
 .../part-001.md                                    |    233 +
 .../part-001.md                                    |    530 +
 .../en/the-stage-carriages-act-1861/part-001.md    |    324 +
 .../part-001.md                                    |     49 +
 .../part-001.md                                    |     93 +
 .../the-state-bank-of-india-act-1955/part-001.md   |   1437 +
 .../the-state-bank-of-india-act-1955/part-002.md   |    645 +
 .../part-001.md                                    |    347 +
 .../part-001.md                                    |    164 +
 .../part-001.md                                    |   1382 +
 .../part-002.md                                    |    916 +
 .../part-001.md                                    |    654 +
 .../part-001.md                                    |    868 +
 .../en/the-state-of-mizoram-act-1986/part-001.md   |    592 +
 .../en/the-state-of-nagaland-act-1962/part-001.md  |    472 +
 .../the-states-reorganisation-act-1956/part-001.md |   1436 +
 .../the-states-reorganisation-act-1956/part-002.md |   1114 +
 .../part-001.md                                    |    643 +
 .../part-001.md                                    |    157 +
 .../part-001.md                                    |    225 +
 .../en/the-suits-valuation-act-1887/part-001.md    |    171 +
 .../part-001.md                                    |    313 +
 .../part-001.md                                    |    331 +
 .../part-001.md                                    |     45 +
 .../part-001.md                                    |    749 +
 .../part-001.md                                    |     33 +
 .../the-surrogacy-regulation-act-2021/part-001.md  |   1183 +
 .../part-001.md                                    |    602 +
 .../part-001.md                                    |     92 +
 .../part-001.md                                    |    145 +
 .../part-001.md                                    |     61 +
 docs/laws/en/the-tea-act-1953/part-001.md          |   1414 +
 docs/laws/en/the-tea-act-1953/part-002.md          |    118 +
 .../part-001.md                                    |    393 +
 .../part-001.md                                    |   1186 +
 .../en/the-telecommunications-act-2023/part-001.md |   1341 +
 .../en/the-territorial-army-act-1948/part-001.md   |    416 +
 .../part-001.md                                    |    409 +
 .../part-001.md                                    |    465 +
 .../part-001.md                                    |    826 +
 .../en/the-textiles-committee-act-1963/part-001.md |    696 +
 .../en/the-tezpur-university-act-1993/part-001.md  |    776 +
 .../laws/en/the-tobacco-board-act-1975/part-001.md |    858 +
 .../part-001.md                                    |    198 +
 .../en/the-tokyo-convention-act-1975/part-001.md   |    269 +
 docs/laws/en/the-trade-marks-act-1999/part-001.md  |   1446 +
 docs/laws/en/the-trade-marks-act-1999/part-002.md  |   1446 +
 docs/laws/en/the-trade-marks-act-1999/part-003.md  |    514 +
 .../the-transfer-of-prisoners-act-1950/part-001.md |    103 +
 .../the-transfer-of-property-act-1882/part-001.md  |   1459 +
 .../the-transfer-of-property-act-1882/part-002.md  |   1445 +
 .../the-transfer-of-property-act-1882/part-003.md  |    157 +
 .../part-001.md                                    |    391 +
 .../part-001.md                                    |   1043 +
 .../part-001.md                                    |   1189 +
 .../en/the-tribunals-reforms-act-2021/part-001.md  |    874 +
 .../part-001.md                                    |   1452 +
 .../part-002.md                                    |   1452 +
 .../part-003.md                                    |    230 +
 .../en/the-tripura-university-act-2006/part-001.md |    916 +
 .../part-001.md                                    |     75 +
 .../part-001.md                                    |   1456 +
 .../part-002.md                                    |   1432 +
 .../part-003.md                                    |   1027 +
 .../part-001.md                                    |    189 +
 .../part-001.md                                    |     67 +
 .../part-001.md                                    |    129 +
 .../part-001.md                                    |    172 +
 .../part-001.md                                    |     76 +
 .../part-001.md                                    |    865 +
 .../part-001.md                                    |    499 +
 .../part-001.md                                    |     65 +
 .../part-001.md                                    |     34 +
 .../part-001.md                                    |    655 +
 .../part-001.md                                    |    879 +
 .../part-001.md                                    |    722 +
 .../part-001.md                                    |   1451 +
 .../part-001.md                                    |     83 +
 .../en/the-usurious-loans-act-1918/part-001.md     |    144 +
 .../part-001.md                                    |   1457 +
 .../part-002.md                                    |     76 +
 .../part-001.md                                    |     91 +
 .../part-001.md                                    |    251 +
 .../part-001.md                                    |    162 +
 .../en/the-victoria-memorial-act-1903/part-001.md  |    191 +
 .../laws/en/the-visva-bharati-act-1951/part-001.md |   1247 +
 .../part-001.md                                    |     73 +
 .../part-001.md                                    |   1091 +
 .../part-001.md                                    |     49 +
 .../part-001.md                                    |   1079 +
 .../en/the-waste-lands-claims-act-1863/part-001.md |    305 +
 .../part-001.md                                    |   1445 +
 .../part-002.md                                    |    614 +
 docs/laws/en/the-wealth-tax-act-1957/part-001.md   |   1416 +
 docs/laws/en/the-wealth-tax-act-1957/part-002.md   |   1440 +
 docs/laws/en/the-wealth-tax-act-1957/part-003.md   |   1412 +
 docs/laws/en/the-wealth-tax-act-1957/part-004.md   |   1012 +
 .../part-001.md                                    |    475 +
 .../part-001.md                                    |     66 +
 .../part-001.md                                    |     82 +
 .../the-wild-life-protection-act-1972/part-001.md  |   1454 +
 .../the-wild-life-protection-act-1972/part-002.md  |   1447 +
 .../the-wild-life-protection-act-1972/part-003.md  |   1450 +
 .../the-wild-life-protection-act-1972/part-004.md  |    270 +
 .../part-001.md                                    |    191 +
 .../en/the-works-of-defence-act-1903/part-001.md   |    810 +
 .../part-001.md                                    |    932 +
 .../part-001.md                                    |    674 +
 .../part-001.md                                    |    227 +
 .../part-001.md                                    |    418 +
 docs/laws/hi/the-actuaries-act-2006/part-001.md    |    875 +
 .../part-001.md                                    |    720 +
 .../part-001.md                                    |    534 +
 .../part-001.md                                    |    330 +
 docs/laws/hi/the-advocates-act-1961/part-001.md    |   1378 +
 .../part-001.md                                    |    676 +
 .../part-001.md                                    |    150 +
 .../part-001.md                                    |    162 +
 .../part-001.md                                    |    500 +
 .../part-001.md                                    |    234 +
 .../the-agriculturists-loans-act-1884/part-001.md  |     85 +
 docs/laws/hi/the-air-force-act-1950/part-001.md    |   1454 +
 docs/laws/hi/the-air-force-act-1950/part-002.md    |    338 +
 .../part-001.md                                    |    911 +
 .../part-001.md                                    |    958 +
 .../part-001.md                                    |    755 +
 .../part-001.md                                    |    616 +
 .../part-001.md                                    |    376 +
 .../hi/the-all-india-services-act-1951/part-001.md |     69 +
 .../hi/the-anand-marriage-act-1909/part-001.md     |     66 +
 .../part-001.md                                    |    772 +
 .../part-001.md                                    |    373 +
 .../part-001.md                                    |    981 +
 .../part-001.md                                    |    171 +
 .../part-001.md                                    |     87 +
 .../part-001.md                                    |   1348 +
 .../part-002.md                                    |   1392 +
 .../part-003.md                                    |   1433 +
 .../part-004.md                                    |    798 +
 docs/laws/hi/the-andhra-state-act-1953/part-001.md |   1182 +
 .../part-001.md                                    |    101 +
 .../hi/the-anti-hijacking-act-2016/part-001.md     |    326 +
 .../part-001.md                                    |    414 +
 docs/laws/hi/the-apprentices-act-1961/part-001.md  |    660 +
 .../part-001.md                                    |   1456 +
 .../part-002.md                                    |    517 +
 docs/laws/hi/the-architects-act-1972/part-001.md   |    528 +
 .../part-001.md                                    |     60 +
 .../part-001.md                                    |    103 +
 .../part-001.md                                    |     94 +
 .../part-001.md                                    |     83 +
 .../the-armed-forces-tribunal-act-2007/part-001.md |    596 +
 docs/laws/hi/the-arms-act-1959/part-001.md         |    922 +
 docs/laws/hi/the-army-act-1950/part-001.md         |   1411 +
 docs/laws/hi/the-army-act-1950/part-002.md         |    428 +
 .../part-001.md                                    |    237 +
 .../part-001.md                                    |     44 +
 .../part-001.md                                    |    169 +
 .../hi/the-asiatic-society-act-1984/part-001.md    |    190 +
 .../part-001.md                                    |     44 +
 .../part-001.md                                    |   1286 +
 docs/laws/hi/the-assam-rifles-act-2006/part-001.md |   1445 +
 docs/laws/hi/the-assam-rifles-act-2006/part-002.md |    506 +
 .../hi/the-assam-university-act-1989/part-001.md   |   1176 +
 .../part-001.md                                    |    983 +
 .../laws/hi/the-atomic-energy-act-1962/part-001.md |    613 +
 .../the-auroville-foundation-act-1988/part-001.md  |    436 +
 .../part-001.md                                    |     50 +
 .../part-001.md                                    |   1174 +
 .../part-001.md                                    |    517 +
 .../part-001.md                                    |    162 +
 .../part-001.md                                    |    923 +
 .../part-001.md                                    |    848 +
 .../hi/the-banking-regulation-act-1949/part-001.md |   1407 +
 .../hi/the-banking-regulation-act-1949/part-002.md |   1425 +
 .../hi/the-banking-regulation-act-1949/part-003.md |   1445 +
 .../hi/the-banking-regulation-act-1949/part-004.md |     74 +
 .../part-001.md                                    |    777 +
 .../part-001.md                                    |    334 +
 .../part-001.md                                    |    341 +
 .../part-001.md                                    |     71 +
 .../hi/the-betwa-river-board-act-1976/part-001.md  |    265 +
 .../part-001.md                                    |   1433 +
 .../part-002.md                                    |   1457 +
 .../part-003.md                                    |   1430 +
 .../part-004.md                                    |   1439 +
 .../part-005.md                                    |   1447 +
 .../part-006.md                                    |    992 +
 .../the-bharatiya-nyaya-sanhita-2023/part-001.md   |   1440 +
 .../the-bharatiya-nyaya-sanhita-2023/part-002.md   |   1432 +
 .../the-bharatiya-nyaya-sanhita-2023/part-003.md   |   1445 +
 .../the-bharatiya-nyaya-sanhita-2023/part-004.md   |    104 +
 .../part-001.md                                    |   1442 +
 .../part-002.md                                    |    189 +
 .../part-001.md                                    |    167 +
 .../part-001.md                                    |    553 +
 .../part-001.md                                    |    478 +
 .../the-bihar-reorganisation-act-2000/part-001.md  |   1430 +
 .../the-bihar-reorganisation-act-2000/part-002.md  |    216 +
 .../the-bihar-value-added-tax-act-2005/part-001.md |   1421 +
 .../the-bihar-value-added-tax-act-2005/part-002.md |   1424 +
 .../the-bihar-value-added-tax-act-2005/part-003.md |    483 +
 .../part-001.md                                    |    354 +
 .../the-biological-diversity-act-2002/part-001.md  |    850 +
 .../part-001.md                                    |    490 +
 .../part-001.md                                    |    342 +
 .../part-001.md                                    |   1228 +
 .../the-bombay-reorganisation-act-1960/part-001.md |   1418 +
 .../the-bombay-reorganisation-act-1960/part-002.md |    334 +
 .../part-001.md                                    |    330 +
 .../the-border-security-force-act-1968/part-001.md |   1352 +
 .../hi/the-brahmaputra-board-act-1980/part-001.md  |    333 +
 .../part-001.md                                    |    266 +
 .../part-001.md                                    |    643 +
 .../part-001.md                                    |    411 +
 .../part-001.md                                    |     48 +
 .../part-001.md                                    |    155 +
 .../part-001.md                                    |    229 +
 .../part-001.md                                    |     94 +
 docs/laws/hi/the-cantonments-act-2006/part-001.md  |   1445 +
 docs/laws/hi/the-cantonments-act-2006/part-002.md  |   1456 +
 docs/laws/hi/the-cantonments-act-2006/part-003.md  |   1423 +
 docs/laws/hi/the-cantonments-act-2006/part-004.md  |    998 +
 .../part-001.md                                    |    154 +
 docs/laws/hi/the-cardamom-act-1965/part-001.md     |     48 +
 .../hi/the-carriage-by-air-act-1972/part-001.md    |   1084 +
 .../hi/the-carriage-by-road-act-2007/part-001.md   |    389 +
 docs/laws/hi/the-census-act-1948/part-001.md       |    343 +
 .../part-001.md                                    |   1090 +
 .../part-001.md                                    |    130 +
 .../part-001.md                                    |    185 +
 .../part-001.md                                    |    154 +
 .../part-001.md                                    |   1456 +
 .../part-002.md                                    |   1437 +
 .../part-003.md                                    |   1421 +
 .../part-004.md                                    |    224 +
 .../part-001.md                                    |     68 +
 .../part-001.md                                    |    411 +
 .../part-001.md                                    |     79 +
 .../part-001.md                                    |    181 +
 .../part-001.md                                    |    320 +
 .../part-001.md                                    |    344 +
 .../part-001.md                                    |   1452 +
 .../part-002.md                                    |    208 +
 .../hi/the-central-silk-board-act-1948/part-001.md |    512 +
 .../the-central-universities-act-2009/part-001.md  |   1283 +
 .../part-001.md                                    |    542 +
 .../part-001.md                                    |     73 +
 .../part-001.md                                    |     55 +
 .../part-001.md                                    |     61 +
 .../part-001.md                                    |    171 +
 .../the-charitable-endowments-act-1890/part-001.md |    199 +
 .../the-chartered-accountants-act-1949/part-001.md |   1253 +
 .../part-001.md                                    |   1425 +
 .../part-002.md                                    |   1455 +
 .../part-003.md                                    |   1458 +
 .../part-004.md                                    |    564 +
 .../part-001.md                                    |    362 +
 docs/laws/hi/the-chit-funds-act-1982/part-001.md   |   1097 +
 .../part-001.md                                    |    413 +
 .../laws/hi/the-cinematograph-act-1952/part-001.md |    470 +
 docs/laws/hi/the-citizenship-act-1955/part-001.md  |    610 +
 .../laws/hi/the-civil-defence-act-1968/part-001.md |    289 +
 .../part-001.md                                    |    651 +
 .../part-001.md                                    |    705 +
 .../part-001.md                                    |    498 +
 .../part-001.md                                    |    429 +
 .../part-001.md                                    |    100 +
 .../part-001.md                                    |     85 +
 .../part-001.md                                    |    638 +
 .../part-001.md                                    |   1083 +
 docs/laws/hi/the-coast-guard-act-1978/part-001.md  |   1219 +
 .../part-001.md                                    |    372 +
 .../part-001.md                                    |    379 +
 .../the-code-of-civil-procedure-1908/part-001.md   |   1432 +
 .../the-code-of-civil-procedure-1908/part-002.md   |   1429 +
 .../the-code-of-civil-procedure-1908/part-003.md   |   1424 +
 .../the-code-of-civil-procedure-1908/part-004.md   |   1455 +
 .../the-code-of-civil-procedure-1908/part-005.md   |   1432 +
 .../the-code-of-civil-procedure-1908/part-006.md   |   1436 +
 .../the-code-of-civil-procedure-1908/part-007.md   |   1417 +
 .../the-code-of-civil-procedure-1908/part-008.md   |   1415 +
 .../the-code-of-civil-procedure-1908/part-009.md   |   1436 +
 .../the-code-of-civil-procedure-1908/part-010.md   |   1123 +
 .../the-code-on-social-security-2020/part-001.md   |   1435 +
 .../the-code-on-social-security-2020/part-002.md   |   1451 +
 .../the-code-on-social-security-2020/part-003.md   |   1422 +
 .../the-code-on-social-security-2020/part-004.md   |   1434 +
 .../the-code-on-social-security-2020/part-005.md   |    614 +
 docs/laws/hi/the-code-on-wages-2019/part-001.md    |   1430 +
 docs/laws/hi/the-code-on-wages-2019/part-002.md    |    104 +
 docs/laws/hi/the-coffee-act-1942/part-001.md       |    648 +
 docs/laws/hi/the-coinage-act-2011/part-001.md      |    344 +
 .../laws/hi/the-coir-industry-act-1953/part-001.md |    344 +
 .../part-001.md                                    |    424 +
 .../hi/the-commercial-courts-act-2015/part-001.md  |   1028 +
 .../part-001.md                                    |    151 +
 .../part-001.md                                    |    643 +
 .../part-001.md                                    |    234 +
 .../part-001.md                                    |    474 +
 .../part-001.md                                    |    304 +
 .../part-001.md                                    |     46 +
 .../part-001.md                                    |    791 +
 .../the-company-secretaries-act-1980/part-001.md   |    983 +
 .../part-001.md                                    |    673 +
 docs/laws/hi/the-competition-act-2002/part-001.md  |   1455 +
 docs/laws/hi/the-competition-act-2002/part-002.md  |    256 +
 .../part-001.md                                    |    324 +
 .../the-consumer-protection-act-2019/part-001.md   |   1442 +
 .../the-consumer-protection-act-2019/part-002.md   |    557 +
 .../hi/the-contempt-of-courts-act-1971/part-001.md |    286 +
 .../part-001.md                                    |     63 +
 .../part-001.md                                    |    708 +
 docs/laws/hi/the-copyright-act-1957/part-001.md    |   1419 +
 docs/laws/hi/the-copyright-act-1957/part-002.md    |    555 +
 docs/laws/hi/the-court-fees-act-1870/part-001.md   |   1426 +
 docs/laws/hi/the-court-fees-act-1870/part-002.md   |     83 +
 .../part-001.md                                    |    867 +
 .../part-001.md                                    |    164 +
 docs/laws/hi/the-customs-act-1962/part-001.md      |   1452 +
 docs/laws/hi/the-customs-act-1962/part-002.md      |   1424 +
 docs/laws/hi/the-customs-act-1962/part-003.md      |   1459 +
 docs/laws/hi/the-customs-act-1962/part-004.md      |    444 +
 .../laws/hi/the-cutchi-memons-act-1938/part-001.md |     44 +
 .../part-001.md                                    |    119 +
 .../part-001.md                                    |    395 +
 .../part-001.md                                    |    125 +
 .../part-001.md                                    |    483 +
 docs/laws/hi/the-dam-safety-act-2021/part-001.md   |     44 +
 .../part-001.md                                    |    508 +
 docs/laws/hi/the-dehra-dun-act-1871/part-001.md    |     54 +
 .../part-001.md                                    |    101 +
 .../part-001.md                                    |    613 +
 .../hi/the-delhi-development-act-1957/part-001.md  |   1081 +
 .../hi/the-delhi-high-court-act-1966/part-001.md   |    221 +
 .../part-001.md                                    |    140 +
 docs/laws/hi/the-delhi-police-act-1978/part-001.md |   1426 +
 docs/laws/hi/the-delhi-police-act-1978/part-002.md |    391 +
 .../hi/the-delhi-sales-tax-act-1975/part-001.md    |   1425 +
 .../hi/the-delhi-sales-tax-act-1975/part-002.md    |    267 +
 .../part-001.md                                    |    491 +
 .../the-delhi-sikh-gurdwaras-act-1971/part-001.md  |    581 +
 .../part-001.md                                    |    172 +
 .../hi/the-delhi-university-act-1922/part-001.md   |    512 +
 .../part-001.md                                    |    262 +
 docs/laws/hi/the-delimitation-act-2002/part-001.md |    254 +
 .../part-001.md                                    |    100 +
 docs/laws/hi/the-dentists-act-1948/part-001.md     |   1421 +
 docs/laws/hi/the-dentists-act-1948/part-002.md     |    349 +
 .../part-001.md                                    |    110 +
 .../part-001.md                                    |     75 +
 .../part-001.md                                    |    963 +
 docs/laws/hi/the-depositories-act-1996/part-001.md |    840 +
 docs/laws/hi/the-designs-act-2000/part-001.md      |    737 +
 .../part-001.md                                    |     80 +
 .../part-001.md                                    |    142 +
 .../part-001.md                                    |    105 +
 .../part-001.md                                    |     42 +
 .../part-001.md                                    |    291 +
 .../part-001.md                                    |    400 +
 .../the-disaster-management-act-2005/part-001.md   |   1228 +
 .../part-001.md                                    |     96 +
 .../part-001.md                                    |    165 +
 docs/laws/hi/the-divorce-act-1869/part-001.md      |    839 +
 .../part-001.md                                    |    270 +
 .../part-001.md                                    |     66 +
 .../hi/the-dowry-prohibition-act-1961/part-001.md  |    208 +
 .../part-001.md                                    |   1212 +
 .../the-drugs-and-cosmetics-act-1940/part-001.md   |   1437 +
 .../the-drugs-and-cosmetics-act-1940/part-002.md   |    237 +
 .../part-001.md                                    |    278 +
 .../part-001.md                                    |     36 +
 .../part-001.md                                    |     86 +
 .../part-001.md                                    |    126 +
 docs/laws/hi/the-electricity-act-2003/part-001.md  |   1429 +
 docs/laws/hi/the-electricity-act-2003/part-002.md  |   1426 +
 docs/laws/hi/the-electricity-act-2003/part-003.md  |    429 +
 .../part-001.md                                    |    152 +
 docs/laws/hi/the-emigration-act-1983/part-001.md   |    654 +
 .../part-001.md                                    |   1435 +
 .../part-002.md                                    |    196 +
 .../part-001.md                                    |    323 +
 .../hi/the-enemy-property-act-1968/part-001.md     |    433 +
 .../the-energy-conservation-act-2001/part-001.md   |    897 +
 .../part-001.md                                    |   1166 +
 .../part-001.md                                    |    340 +
 .../hi/the-epidemic-diseases-act-1897/part-001.md  |    177 +
 .../the-essential-commodities-act-1955/part-001.md |    664 +
 .../part-001.md                                    |    140 +
 .../hi/the-expenditure-tax-act-1987/part-001.md    |    489 +
 .../the-explosive-substances-act-1908/part-001.md  |     95 +
 docs/laws/hi/the-explosives-act-1884/part-001.md   |    133 +
 .../part-001.md                                    |    550 +
 .../part-001.md                                    |    509 +
 docs/laws/hi/the-extradition-act-1962/part-001.md  |    428 +
 .../the-factoring-regulation-act-2011/part-001.md  |    560 +
 .../part-001.md                                    |    261 +
 .../hi/the-farm-laws-repeal-act-2021/part-001.md   |     44 +
 .../hi/the-fatal-accidents-act-1855/part-001.md    |     84 +
 .../part-001.md                                    |     88 +
 .../part-001.md                                    |    271 +
 .../hi/the-food-corporations-act-1964/part-001.md  |    660 +
 .../part-001.md                                    |   1430 +
 .../part-002.md                                    |    568 +
 .../part-001.md                                    |    590 +
 .../part-001.md                                    |     63 +
 .../part-001.md                                    |    972 +
 .../hi/the-foreign-marriage-act-1969/part-001.md   |    402 +
 .../part-001.md                                    |    531 +
 .../part-001.md                                    |     47 +
 .../hi/the-forfeited-deposits-act-1850/part-001.md |     59 +
 .../part-001.md                                    |    229 +
 .../part-001.md                                    |    831 +
 .../part-001.md                                    |    615 +
 .../hi/the-general-clauses-act-1897/part-001.md    |    545 +
 .../part-001.md                                    |    787 +
 .../hi/the-geneva-conventions-act-1960/part-001.md |   1453 +
 .../hi/the-geneva-conventions-act-1960/part-002.md |   1420 +
 .../hi/the-geneva-conventions-act-1960/part-003.md |   1428 +
 .../hi/the-geneva-conventions-act-1960/part-004.md |    272 +
 .../part-001.md                                    |   1085 +
 .../part-001.md                                    |     99 +
 .../part-001.md                                    |     91 +
 .../part-001.md                                    |   1403 +
 .../part-002.md                                    |   1442 +
 .../part-003.md                                    |   1439 +
 .../part-001.md                                    |    601 +
 .../part-001.md                                    |     84 +
 .../part-001.md                                    |    361 +
 .../the-government-buildings-act-1899/part-001.md  |     70 +
 .../part-001.md                                    |    633 +
 .../part-001.md                                    |   1063 +
 .../part-001.md                                    |    403 +
 .../the-government-securities-act-2006/part-001.md |    541 +
 .../part-001.md                                    |    172 +
 .../hi/the-gram-nyayalayas-act-2008/part-001.md    |    499 +
 .../the-guardians-and-wards-act-1890/part-001.md   |    592 +
 .../laws/hi/the-haj-committee-act-2002/part-001.md |    640 +
 .../part-001.md                                    |    217 +
 .../part-001.md                                    |    741 +
 .../part-001.md                                    |    415 +
 .../part-001.md                                    |    115 +
 .../part-001.md                                    |     40 +
 .../part-001.md                                    |    514 +
 .../hi/the-high-courts-seals-act-1950/part-001.md  |     47 +
 .../part-001.md                                    |    246 +
 .../part-001.md                                    |    507 +
 .../part-001.md                                    |    285 +
 .../part-001.md                                    |    335 +
 .../part-001.md                                    |     63 +
 .../part-001.md                                    |     66 +
 .../hi/the-hindu-marriage-act-1955/part-001.md     |    523 +
 .../part-001.md                                    |    156 +
 .../hi/the-hindu-succession-act-1956/part-001.md   |    402 +
 .../hi/the-hotel-receipts-tax-act-1980/part-001.md |    542 +
 .../part-001.md                                    |    877 +
 .../part-001.md                                    |    417 +
 .../part-001.md                                    |     76 +
 .../part-001.md                                    |    771 +
 .../part-001.md                                    |    501 +
 .../part-001.md                                    |    139 +
 .../part-001.md                                    |    561 +
 .../hi/the-indian-antarctic-act-2022/part-001.md   |   1066 +
 .../part-001.md                                    |    902 +
 .../hi/the-indian-contract-act-1872/part-001.md    |   1450 +
 .../hi/the-indian-contract-act-1872/part-002.md    |    529 +
 .../part-001.md                                    |    390 +
 .../hi/the-indian-easements-act-1882/part-001.md   |    809 +
 .../laws/hi/the-indian-forest-act-1927/part-001.md |   1012 +
 .../part-001.md                                    |    539 +
 .../part-001.md                                    |    791 +
 .../part-001.md                                    |   1421 +
 .../part-002.md                                    |    146 +
 .../laws/hi/the-indian-museum-act-1910/part-001.md |    218 +
 .../the-indian-naval-armament-act-1923/part-001.md |    189 +
 .../part-001.md                                    |    594 +
 .../hi/the-indian-partnership-act-1932/part-001.md |    638 +
 docs/laws/hi/the-indian-ports-act-1908/part-001.md |   1447 +
 docs/laws/hi/the-indian-ports-act-1908/part-002.md |    614 +
 .../part-001.md                                    |    344 +
 .../the-indian-reserve-forces-act-1888/part-001.md |    133 +
 .../part-001.md                                    |    209 +
 docs/laws/hi/the-indian-stamp-act-1899/part-001.md |   1433 +
 docs/laws/hi/the-indian-stamp-act-1899/part-002.md |   1389 +
 .../part-001.md                                    |    144 +
 docs/laws/hi/the-indian-tolls-act-1851/part-001.md |    146 +
 docs/laws/hi/the-indian-tolls-act-1864/part-001.md |     88 +
 .../part-001.md                                    |    193 +
 .../the-indian-treasure-trove-act-1878/part-001.md |    197 +
 docs/laws/hi/the-indian-trust-act-1882/part-001.md |    931 +
 .../part-001.md                                    |    818 +
 .../part-001.md                                    |   1326 +
 .../part-001.md                                    |   1417 +
 .../part-002.md                                    |    202 +
 .../part-001.md                                    |    307 +
 .../part-001.md                                    |     83 +
 .../part-001.md                                    |    133 +
 .../part-001.md                                    |    171 +
 .../the-industrial-relations-code-2020/part-001.md |    869 +
 .../part-001.md                                    |   1429 +
 .../part-002.md                                    |     55 +
 .../part-001.md                                    |    342 +
 .../part-001.md                                    |     76 +
 .../part-001.md                                    |   1420 +
 .../part-002.md                                    |    278 +
 .../part-001.md                                    |    472 +
 .../part-001.md                                    |   1433 +
 .../part-002.md                                    |   1454 +
 .../part-003.md                                    |   1442 +
 .../part-004.md                                    |    611 +
 .../part-001.md                                    |     77 +
 .../part-001.md                                    |    824 +
 docs/laws/hi/the-insurance-act-1938/part-001.md    |   1458 +
 docs/laws/hi/the-insurance-act-1938/part-002.md    |   1453 +
 docs/laws/hi/the-insurance-act-1938/part-003.md    |    469 +
 .../part-001.md                                    |   1230 +
 .../part-001.md                                    |    774 +
 .../part-001.md                                    |     57 +
 .../part-001.md                                    |    152 +
 .../part-001.md                                    |    158 +
 .../part-001.md                                    |    204 +
 docs/laws/hi/the-interest-act-1978/part-001.md     |    107 +
 docs/laws/hi/the-interest-tax-act-1974/part-001.md |    654 +
 .../part-001.md                                    |    134 +
 .../part-001.md                                    |    146 +
 .../part-001.md                                    |    137 +
 .../part-001.md                                    |    258 +
 .../part-001.md                                    |    176 +
 .../the-jamia-millia-islamia-act-1988/part-001.md  |    436 +
 .../part-001.md                                    |    353 +
 .../part-001.md                                    |     31 +
 .../part-001.md                                    |   1455 +
 .../part-002.md                                    |    814 +
 .../part-001.md                                    |    390 +
 .../part-001.md                                    |    976 +
 .../hi/the-judges-inquiry-act-1968/part-001.md     |    136 +
 .../hi/the-judges-protection-act-1985/part-001.md  |     53 +
 .../part-001.md                                    |    467 +
 .../part-001.md                                    |    173 +
 .../part-001.md                                    |   1439 +
 .../part-002.md                                    |    463 +
 .../part-001.md                                    |    693 +
 docs/laws/hi/the-kazis-act-1880/part-001.md        |     79 +
 .../part-001.md                                    |     39 +
 .../part-001.md                                    |    517 +
 .../part-001.md                                    |    331 +
 .../part-001.md                                    |    284 +
 .../part-001.md                                    |    258 +
 .../part-001.md                                    |    125 +
 .../part-001.md                                    |    174 +
 .../part-001.md                                    |    486 +
 .../hi/the-laws-local-extent-act-1874/part-001.md  |    657 +
 .../part-001.md                                    |     81 +
 .../hi/the-legal-metrology-act-2009/part-001.md    |    789 +
 .../the-legal-practitioners-act-1879/part-001.md   |    410 +
 .../part-001.md                                    |     98 +
 .../part-001.md                                    |    697 +
 .../part-001.md                                    |     46 +
 .../part-001.md                                    |     46 +
 .../part-001.md                                    |   1455 +
 .../part-002.md                                    |    497 +
 .../part-001.md                                    |     51 +
 docs/laws/hi/the-limitation-act-1963/part-001.md   |   1108 +
 .../part-001.md                                    |     90 +
 .../part-001.md                                    |    178 +
 .../hi/the-lok-sahayak-sena-act-1956/part-001.md   |    119 +
 .../the-lokpal-and-lokayuktas-act-2013/part-001.md |   1108 +
 .../the-lotteries-regulation-act-1998/part-001.md  |    125 +
 .../part-001.md                                    |     46 +
 .../part-001.md                                    |   1417 +
 .../part-002.md                                    |    256 +
 .../part-001.md                                    |   1297 +
 .../part-001.md                                    |    384 +
 .../part-001.md                                    |    189 +
 docs/laws/hi/the-majority-act-1875/part-001.md     |     79 +
 .../part-001.md                                    |   1391 +
 .../part-002.md                                    |   1415 +
 .../part-003.md                                    |    378 +
 .../part-001.md                                    |    572 +
 .../part-001.md                                    |   1451 +
 .../part-002.md                                    |   1000 +
 .../part-001.md                                    |   1450 +
 .../part-002.md                                    |    183 +
 .../hi/the-manipur-university-act-2005/part-001.md |   1262 +
 .../part-001.md                                    |    189 +
 .../part-001.md                                    |    803 +
 .../hi/the-marine-insurance-act-1963/part-001.md   |    796 +
 .../part-001.md                                    |    403 +
 .../the-maritime-anti-piracy-act-2022/part-001.md  |    245 +
 .../part-001.md                                    |    343 +
 .../part-001.md                                    |    105 +
 .../part-001.md                                    |    161 +
 .../part-001.md                                    |   1044 +
 .../hi/the-mental-healthcare-act-2017/part-001.md  |    451 +
 .../part-001.md                                    |    713 +
 .../part-001.md                                    |    995 +
 .../part-001.md                                    |    491 +
 .../part-001.md                                    |   1436 +
 .../part-002.md                                    |    117 +
 .../hi/the-mizoram-university-act-2000/part-001.md |   1272 +
 .../hi/the-motor-vehicles-act-1988/part-001.md     |   1440 +
 .../hi/the-motor-vehicles-act-1988/part-002.md     |   1425 +
 .../hi/the-motor-vehicles-act-1988/part-003.md     |   1434 +
 .../hi/the-motor-vehicles-act-1988/part-004.md     |    641 +
 .../part-001.md                                    |   1419 +
 .../part-002.md                                    |    753 +
 .../part-001.md                                    |    460 +
 .../part-001.md                                    |    337 +
 .../part-001.md                                    |     91 +
 .../part-001.md                                    |    142 +
 .../part-001.md                                    |    105 +
 .../part-001.md                                    |     62 +
 .../the-nagaland-university-act-1989/part-001.md   |   1248 +
 .../hi/the-nalanda-university-act-2010/part-001.md |    582 +
 .../part-001.md                                    |   1430 +
 .../part-002.md                                    |    619 +
 .../part-001.md                                    |   1311 +
 .../part-001.md                                    |   1298 +
 .../the-national-cadet-corps-act-1948/part-001.md  |    141 +
 .../part-001.md                                    |    439 +
 .../part-001.md                                    |    265 +
 .../part-001.md                                    |     37 +
 .../part-001.md                                    |    463 +
 .../part-001.md                                    |   1432 +
 .../part-002.md                                    |    334 +
 .../part-001.md                                    |     62 +
 .../part-001.md                                    |   1447 +
 .../part-002.md                                    |     87 +
 .../part-001.md                                    |    178 +
 .../part-001.md                                    |    184 +
 .../part-001.md                                    |    439 +
 .../part-001.md                                    |    173 +
 .../part-001.md                                    |    213 +
 .../part-001.md                                    |    476 +
 .../part-001.md                                    |    604 +
 .../part-001.md                                    |    611 +
 .../part-001.md                                    |    754 +
 .../part-001.md                                    |   1092 +
 .../part-001.md                                    |    738 +
 .../hi/the-national-highways-act-1956/part-001.md  |   1200 +
 .../part-001.md                                    |    383 +
 .../the-national-housing-bank-act-1987/part-001.md |   1417 +
 .../part-001.md                                    |    449 +
 .../part-001.md                                    |    392 +
 .../part-001.md                                    |    407 +
 .../part-001.md                                    |    575 +
 .../part-001.md                                    |    788 +
 .../part-001.md                                    |    796 +
 .../part-001.md                                    |    391 +
 .../part-001.md                                    |    189 +
 .../the-national-jute-board-act-2008/part-001.md   |    450 +
 .../part-001.md                                    |   1383 +
 .../part-001.md                                    |     60 +
 .../hi/the-national-security-act-1980/part-001.md  |    279 +
 .../part-001.md                                    |   1398 +
 .../hi/the-national-service-act-1972/part-001.md   |    627 +
 .../part-001.md                                    |   1224 +
 .../the-national-tax-tribunal-act-2005/part-001.md |    535 +
 .../part-001.md                                    |    447 +
 .../hi/the-national-waterways-act-2016/part-001.md |    667 +
 .../part-001.md                                    |    260 +
 docs/laws/hi/the-navy-act-1957/part-001.md         |   1450 +
 docs/laws/hi/the-navy-act-1957/part-002.md         |    908 +
 .../part-001.md                                    |   1168 +
 .../part-001.md                                    |   1421 +
 .../part-002.md                                    |   1434 +
 .../part-003.md                                    |   1411 +
 .../part-004.md                                    |   1421 +
 .../part-005.md                                    |    525 +
 .../part-001.md                                    |   1428 +
 .../part-002.md                                    |    551 +
 .../the-north-eastern-council-act-1971/part-001.md |    106 +
 .../part-001.md                                    |   1091 +
 .../part-001.md                                    |    167 +
 .../part-001.md                                    |    738 +
 .../part-001.md                                    |    296 +
 docs/laws/hi/the-notaries-act-1952/part-001.md     |    183 +
 docs/laws/hi/the-oaths-act-1969/part-001.md        |    119 +
 .../hi/the-official-languages-act-1963/part-001.md |    145 +
 .../hi/the-official-secrets-act-1923/part-001.md   |    343 +
 .../hi/the-official-trusteers-act-1913/part-001.md |    385 +
 .../part-001.md                                    |    720 +
 .../part-001.md                                    |    501 +
 .../part-001.md                                    |     79 +
 .../part-001.md                                    |    305 +
 .../part-001.md                                    |     78 +
 .../part-001.md                                    |    425 +
 .../part-001.md                                    |     48 +
 .../part-001.md                                    |    575 +
 docs/laws/hi/the-partition-act-1893/part-001.md    |    100 +
 docs/laws/hi/the-passports-act-1967/part-001.md    |    405 +
 .../part-001.md                                    |    727 +
 .../part-001.md                                    |   1018 +
 docs/laws/hi/the-pensions-act-1871/part-001.md     |    182 +
 docs/laws/hi/the-petroleum-act-1934/part-001.md    |    398 +
 .../part-001.md                                    |    320 +
 .../part-001.md                                    |   1101 +
 docs/laws/hi/the-pharmacy-act-1948/part-001.md     |    996 +
 .../part-001.md                                    |     89 +
 docs/laws/hi/the-poisons-act-1919/part-001.md      |    141 +
 docs/laws/hi/the-police-act-1861/part-001.md       |    604 +
 docs/laws/hi/the-police-act-1949/part-001.md       |     64 +
 .../part-001.md                                    |    122 +
 .../part-001.md                                    |    191 +
 .../part-001.md                                    |     83 +
 .../part-001.md                                    |    492 +
 .../part-001.md                                    |   1141 +
 .../part-001.md                                    |    350 +
 docs/laws/hi/the-post-office-act-2023/part-001.md  |    159 +
 .../part-001.md                                    |     63 +
 .../hi/the-powers-of-attorney-act-1882/part-001.md |     90 +
 .../part-001.md                                    |    566 +
 .../part-001.md                                    |    661 +
 .../part-001.md                                    |    179 +
 .../part-001.md                                    |    867 +
 .../part-001.md                                    |   1419 +
 .../part-002.md                                    |    230 +
 .../part-001.md                                    |     56 +
 .../part-001.md                                    |    352 +
 .../part-001.md                                    |    120 +
 .../laws/hi/the-press-council-act-1978/part-001.md |    301 +
 .../part-001.md                                    |    712 +
 .../part-001.md                                    |    190 +
 .../part-001.md                                    |    582 +
 .../part-001.md                                    |    644 +
 .../part-001.md                                    |     85 +
 .../part-001.md                                    |    267 +
 .../part-001.md                                    |     82 +
 .../part-001.md                                    |     68 +
 .../part-001.md                                    |    169 +
 docs/laws/hi/the-prisons-act-1894/part-001.md      |    599 +
 .../part-001.md                                    |    373 +
 .../part-001.md                                    |    233 +
 .../hi/the-prize-competitions-act-1955/part-001.md |    195 +
 .../part-001.md                                    |    224 +
 .../part-001.md                                    |    245 +
 .../part-001.md                                    |    246 +
 .../part-001.md                                    |    672 +
 .../part-001.md                                    |    753 +
 .../part-001.md                                    |    373 +
 .../part-001.md                                    |    605 +
 .../part-001.md                                    |   1451 +
 .../part-002.md                                    |     96 +
 .../part-001.md                                    |    533 +
 .../hi/the-provident-funds-act-1925/part-001.md    |    497 +
 .../part-001.md                                    |    426 +
 .../part-001.md                                    |     85 +
 .../part-001.md                                    |    106 +
 docs/laws/hi/the-public-debt-act-1944/part-001.md  |    380 +
 .../part-001.md                                    |    394 +
 .../part-001.md                                    |    139 +
 .../hi/the-public-gambling-act-1867/part-001.md    |    228 +
 .../part-001.md                                    |    332 +
 .../part-001.md                                    |    555 +
 .../hi/the-public-records-act-1993/part-001.md     |    232 +
 .../part-001.md                                    |    313 +
 .../part-001.md                                    |     58 +
 docs/laws/hi/the-punjab-laws-act-1872/part-001.md  |    668 +
 .../part-001.md                                    |    591 +
 .../the-punjab-reorganisation-act-1966/part-001.md |   1457 +
 .../the-punjab-reorganisation-act-1966/part-002.md |    275 +
 .../part-001.md                                    |    387 +
 .../part-001.md                                    |    149 +
 .../part-001.md                                    |    309 +
 docs/laws/hi/the-railways-act-1989/part-001.md     |   1419 +
 docs/laws/hi/the-railways-act-1989/part-002.md     |    900 +
 .../part-001.md                                    |     60 +
 .../part-001.md                                    |    213 +
 .../hi/the-rajghat-samadhi-act-1951/part-001.md    |     95 +
 .../part-001.md                                    |    524 +
 .../part-001.md                                    |    695 +
 .../part-001.md                                    |    598 +
 .../part-001.md                                    |   1293 +
 .../the-rampur-raza-library-act-1975/part-001.md   |    313 +
 .../part-001.md                                    |    118 +
 docs/laws/hi/the-reciprocity-act-1943/part-001.md  |    110 +
 .../hi/the-recycling-of-ships-act-2019/part-001.md |    793 +
 .../part-001.md                                    |    616 +
 .../the-regional-rural-banks-act-1976/part-001.md  |    594 +
 docs/laws/hi/the-registration-act-1908/part-001.md |    986 +
 .../part-001.md                                    |    342 +
 .../part-001.md                                    |    546 +
 .../part-001.md                                    |    261 +
 .../the-religious-endowments-act-1863/part-001.md  |    325 +
 .../part-001.md                                    |    121 +
 .../the-religious-societies-act-1880/part-001.md   |    115 +
 .../part-001.md                                    |    153 +
 .../part-001.md                                    |    225 +
 .../part-001.md                                    |    119 +
 .../part-001.md                                    |    278 +
 .../part-001.md                                    |   1026 +
 .../part-001.md                                    |    191 +
 .../part-001.md                                    |    212 +
 .../part-001.md                                    |    262 +
 .../part-001.md                                    |   1055 +
 .../part-001.md                                    |   1435 +
 .../part-002.md                                    |   1289 +
 .../part-001.md                                    |    467 +
 .../part-001.md                                    |    338 +
 .../the-reserve-bank-of-india-act-1934/part-001.md |   1422 +
 .../the-reserve-bank-of-india-act-1934/part-002.md |   1440 +
 .../the-reserve-bank-of-india-act-1934/part-003.md |    265 +
 .../part-001.md                                    |     88 +
 .../hi/the-revenue-recovery-act-1890/part-001.md   |    169 +
 .../part-001.md                                    |    377 +
 .../part-001.md                                    |    654 +
 .../part-001.md                                    |   1431 +
 .../part-002.md                                    |    602 +
 .../the-right-to-information-act-2005/part-001.md  |    857 +
 .../part-001.md                                    |   1393 +
 docs/laws/hi/the-river-boards-act-1956/part-001.md |    276 +
 .../part-001.md                                    |    718 +
 docs/laws/hi/the-rubber-act-1947/part-001.md       |    501 +
 .../part-001.md                                    |    184 +
 .../hi/the-salar-jung-museum-act-1961/part-001.md  |    300 +
 .../part-001.md                                    |    125 +
 .../part-001.md                                    |    147 +
 .../part-001.md                                    |    582 +
 .../part-001.md                                    |    134 +
 .../laws/hi/the-sale-of-goods-act-1930/part-001.md |    561 +
 docs/laws/hi/the-sarais-act-1867/part-001.md       |    214 +
 .../the-sashastra-seema-bal-act-2007/part-001.md   |   1413 +
 .../the-sashastra-seema-bal-act-2007/part-002.md   |    248 +
 .../part-001.md                                    |    117 +
 .../part-001.md                                    |     91 +
 .../part-001.md                                    |   1176 +
 .../part-001.md                                    |    379 +
 .../part-001.md                                    |    673 +
 .../part-001.md                                    |    332 +
 .../part-001.md                                    |    143 +
 .../part-001.md                                    |   1407 +
 .../part-001.md                                    |   1429 +
 .../part-001.md                                    |   1447 +
 docs/laws/hi/the-seeds-act-1966/part-001.md        |    357 +
 .../part-001.md                                    |   1032 +
 .../part-001.md                                    |    542 +
 .../part-001.md                                    |    263 +
 .../part-001.md                                    |    110 +
 .../part-001.md                                    |    147 +
 .../part-001.md                                    |   1068 +
 .../part-001.md                                    |     42 +
 .../hi/the-sikkim-university-act-2006/part-001.md  |   1234 +
 .../part-001.md                                    |    648 +
 .../part-001.md                                    |   1078 +
 .../part-001.md                                    |    419 +
 .../part-001.md                                    |    264 +
 .../part-001.md                                    |    480 +
 .../part-001.md                                    |    218 +
 .../part-001.md                                    |     65 +
 .../part-001.md                                    |   1333 +
 .../hi/the-special-marriage-act-1954/part-001.md   |    859 +
 .../part-001.md                                    |    165 +
 .../hi/the-specific-relief-act-1963/part-001.md    |    635 +
 .../part-001.md                                    |    138 +
 docs/laws/hi/the-spices-board-act-1986/part-001.md |    492 +
 .../part-001.md                                    |    211 +
 .../part-001.md                                    |    322 +
 .../hi/the-stage-carriages-act-1861/part-001.md    |    245 +
 .../part-001.md                                    |     61 +
 .../part-001.md                                    |     82 +
 .../the-state-bank-of-india-act-1955/part-001.md   |   1294 +
 .../part-001.md                                    |    269 +
 .../part-001.md                                    |    166 +
 .../part-001.md                                    |   1322 +
 .../part-001.md                                    |    504 +
 .../part-001.md                                    |    694 +
 .../hi/the-state-of-mizoram-act-1986/part-001.md   |    359 +
 .../hi/the-state-of-nagaland-act-1962/part-001.md  |    309 +
 .../the-states-reorganisation-act-1956/part-001.md |   1448 +
 .../the-states-reorganisation-act-1956/part-002.md |    426 +
 .../part-001.md                                    |    614 +
 .../part-001.md                                    |    101 +
 .../part-001.md                                    |    155 +
 .../hi/the-suits-valuation-act-1887/part-001.md    |    129 +
 .../part-001.md                                    |    201 +
 .../part-001.md                                    |     44 +
 .../part-001.md                                    |    444 +
 .../part-001.md                                    |     36 +
 .../the-surrogacy-regulation-act-2021/part-001.md  |    962 +
 .../part-001.md                                    |    453 +
 .../part-001.md                                    |     86 +
 .../part-001.md                                    |    135 +
 .../part-001.md                                    |     91 +
 docs/laws/hi/the-tea-act-1953/part-001.md          |    933 +
 .../part-001.md                                    |    235 +
 .../part-001.md                                    |    678 +
 .../hi/the-telecommunications-act-2023/part-001.md |    713 +
 .../hi/the-territorial-army-act-1948/part-001.md   |    262 +
 .../part-001.md                                    |    302 +
 .../part-001.md                                    |    679 +
 .../hi/the-textiles-committee-act-1963/part-001.md |    374 +
 .../hi/the-tezpur-university-act-1993/part-001.md  |   1127 +
 .../laws/hi/the-tobacco-board-act-1975/part-001.md |    518 +
 .../hi/the-tokyo-convention-act-1975/part-001.md   |    230 +
 docs/laws/hi/the-trade-marks-act-1999/part-001.md  |   1451 +
 docs/laws/hi/the-trade-marks-act-1999/part-002.md  |    817 +
 .../the-transfer-of-prisoners-act-1950/part-001.md |     59 +
 .../the-transfer-of-property-act-1882/part-001.md  |   1410 +
 .../the-transfer-of-property-act-1882/part-002.md  |    465 +
 .../part-001.md                                    |    354 +
 .../hi/the-tribunals-reforms-act-2021/part-001.md  |    881 +
 .../hi/the-tripura-university-act-2006/part-001.md |   1279 +
 .../part-001.md                                    |     88 +
 .../part-001.md                                    |   1447 +
 .../part-002.md                                    |    587 +
 .../part-001.md                                    |    116 +
 .../part-001.md                                    |     51 +
 .../part-001.md                                    |    132 +
 .../part-001.md                                    |    927 +
 .../part-001.md                                    |    649 +
 .../part-001.md                                    |    553 +
 .../part-001.md                                    |    254 +
 .../part-001.md                                    |     40 +
 .../part-001.md                                    |    409 +
 .../part-001.md                                    |   1425 +
 .../part-001.md                                    |    980 +
 .../part-001.md                                    |   1363 +
 .../hi/the-usurious-loans-act-1918/part-001.md     |    115 +
 .../part-001.md                                    |   1447 +
 .../part-002.md                                    |    304 +
 .../part-001.md                                    |     73 +
 .../part-001.md                                    |     95 +
 .../part-001.md                                    |    101 +
 .../hi/the-victoria-memorial-act-1903/part-001.md  |    136 +
 .../laws/hi/the-visva-bharati-act-1951/part-001.md |    828 +
 .../part-001.md                                    |     62 +
 .../part-001.md                                    |    642 +
 .../part-001.md                                    |     91 +
 .../part-001.md                                    |    805 +
 .../hi/the-waste-lands-claims-act-1863/part-001.md |    312 +
 .../part-001.md                                    |   1182 +
 .../part-001.md                                    |    358 +
 .../part-001.md                                    |    101 +
 .../part-001.md                                    |    385 +
 .../the-wild-life-protection-act-1972/part-001.md  |   1444 +
 .../the-wild-life-protection-act-1972/part-002.md  |   1444 +
 .../the-wild-life-protection-act-1972/part-003.md  |    186 +
 .../hi/the-works-of-defence-act-1903/part-001.md   |    538 +
 scripts/discover-laws.mjs                          |     48 +-
 tests/discover-laws.test.mjs                       |    122 +-
 1938 files changed, 1422919 insertions(+), 742 deletions(-)
